id;project;connector_type;t;delta_t;url;redirect_url;response_size;response_code;success;error
0;data_gathering;requests;1566392175.946605;-0.3359220027923584;https://www.dailymail.co.uk/home/search.html?offset=0&size=50&sel=site&searchPhrase=&sort=recent&type=article&topic=Immigration&days=all;https://www.dailymail.co.uk/home/search.html?offset=0&size=50&sel=site&searchPhrase=&sort=recent&type=article&topic=Immigration&days=all;192596;200;True;
1;data_gathering;requests;1566392177.7794461;-0.20865201950073242;https://www.dailymail.co.uk/home/search.html?offset=50&size=50&sel=site&searchPhrase=&sort=recent&type=article&topic=Immigration&days=all;https://www.dailymail.co.uk/home/search.html?offset=50&size=50&sel=site&searchPhrase=&sort=recent&type=article&topic=Immigration&days=all;191620;200;True;
2;data_gathering;requests;1566392179.2186959;-0.1856091022491455;https://www.dailymail.co.uk/home/search.html?offset=100&size=50&sel=site&searchPhrase=&sort=recent&type=article&topic=Immigration&days=all;https://www.dailymail.co.uk/home/search.html?offset=100&size=50&sel=site&searchPhrase=&sort=recent&type=article&topic=Immigration&days=all;192645;200;True;
3;data_gathering;requests;1566392180.601469;-0.3980739116668701;https://www.dailymail.co.uk/home/search.html?offset=150&size=50&sel=site&searchPhrase=&sort=recent&type=article&topic=Immigration&days=all;https://www.dailymail.co.uk/home/search.html?offset=150&size=50&sel=site&searchPhrase=&sort=recent&type=article&topic=Immigration&days=all;191988;200;True;
4;data_gathering;requests;1566392182.526877;-0.35458827018737793;https://www.dailymail.co.uk/home/search.html?offset=200&size=50&sel=site&searchPhrase=&sort=recent&type=article&topic=Immigration&days=all;https://www.dailymail.co.uk/home/search.html?offset=200&size=50&sel=site&searchPhrase=&sort=recent&type=article&topic=Immigration&days=all;192063;200;True;
5;data_gathering;requests;1566392184.035352;-1.3491759300231934;https://www.dailymail.co.uk/home/search.html?offset=250&size=50&sel=site&searchPhrase=&sort=recent&type=article&topic=Immigration&days=all;https://www.dailymail.co.uk/home/search.html?offset=250&size=50&sel=site&searchPhrase=&sort=recent&type=article&topic=Immigration&days=all;193564;200;True;
6;data_gathering;requests;1566392186.903417;-0.2843058109283447;https://www.dailymail.co.uk/home/search.html?offset=300&size=50&sel=site&searchPhrase=&sort=recent&type=article&topic=Immigration&days=all;https://www.dailymail.co.uk/home/search.html?offset=300&size=50&sel=site&searchPhrase=&sort=recent&type=article&topic=Immigration&days=all;193079;200;True;
7;data_gathering;requests;1566392188.285905;-0.33742213249206543;https://www.dailymail.co.uk/home/search.html?offset=350&size=50&sel=site&searchPhrase=&sort=recent&type=article&topic=Immigration&days=all;https://www.dailymail.co.uk/home/search.html?offset=350&size=50&sel=site&searchPhrase=&sort=recent&type=article&topic=Immigration&days=all;193239;200;True;
8;data_gathering;requests;1566392189.936119;-0.20798802375793457;https://www.dailymail.co.uk/home/search.html?offset=400&size=50&sel=site&searchPhrase=&sort=recent&type=article&topic=Immigration&days=all;https://www.dailymail.co.uk/home/search.html?offset=400&size=50&sel=site&searchPhrase=&sort=recent&type=article&topic=Immigration&days=all;194464;200;True;
9;data_gathering;requests;1566392191.541863;-0.2307729721069336;https://www.dailymail.co.uk/home/search.html?offset=450&size=50&sel=site&searchPhrase=&sort=recent&type=article&topic=Immigration&days=all;https://www.dailymail.co.uk/home/search.html?offset=450&size=50&sel=site&searchPhrase=&sort=recent&type=article&topic=Immigration&days=all;192503;200;True;
10;data_gathering;requests;1566392192.944183;-0.2392568588256836;https://www.dailymail.co.uk/home/search.html?offset=500&size=50&sel=site&searchPhrase=&sort=recent&type=article&topic=Immigration&days=all;https://www.dailymail.co.uk/home/search.html?offset=500&size=50&sel=site&searchPhrase=&sort=recent&type=article&topic=Immigration&days=all;193479;200;True;
11;data_gathering;requests;1566392194.691051;-0.2608518600463867;https://www.dailymail.co.uk/home/search.html?offset=550&size=50&sel=site&searchPhrase=&sort=recent&type=article&topic=Immigration&days=all;https://www.dailymail.co.uk/home/search.html?offset=550&size=50&sel=site&searchPhrase=&sort=recent&type=article&topic=Immigration&days=all;192244;200;True;
12;data_gathering;requests;1566392196.361227;-0.3197150230407715;https://www.dailymail.co.uk/home/search.html?offset=600&size=50&sel=site&searchPhrase=&sort=recent&type=article&topic=Immigration&days=all;https://www.dailymail.co.uk/home/search.html?offset=600&size=50&sel=site&searchPhrase=&sort=recent&type=article&topic=Immigration&days=all;195392;200;True;
13;data_gathering;requests;1566392197.869338;-0.2225170135498047;https://www.dailymail.co.uk/home/search.html?offset=650&size=50&sel=site&searchPhrase=&sort=recent&type=article&topic=Immigration&days=all;https://www.dailymail.co.uk/home/search.html?offset=650&size=50&sel=site&searchPhrase=&sort=recent&type=article&topic=Immigration&days=all;193879;200;True;
14;data_gathering;requests;1566392199.6367629;-0.17415213584899902;https://www.dailymail.co.uk/home/search.html?offset=700&size=50&sel=site&searchPhrase=&sort=recent&type=article&topic=Immigration&days=all;https://www.dailymail.co.uk/home/search.html?offset=700&size=50&sel=site&searchPhrase=&sort=recent&type=article&topic=Immigration&days=all;194762;200;True;
15;data_gathering;requests;1566392200.96101;-0.29531216621398926;https://www.dailymail.co.uk/home/search.html?offset=750&size=50&sel=site&searchPhrase=&sort=recent&type=article&topic=Immigration&days=all;https://www.dailymail.co.uk/home/search.html?offset=750&size=50&sel=site&searchPhrase=&sort=recent&type=article&topic=Immigration&days=all;192312;200;True;
16;data_gathering;requests;1566392202.590008;-0.19483184814453125;https://www.dailymail.co.uk/home/search.html?offset=800&size=50&sel=site&searchPhrase=&sort=recent&type=article&topic=Immigration&days=all;https://www.dailymail.co.uk/home/search.html?offset=800&size=50&sel=site&searchPhrase=&sort=recent&type=article&topic=Immigration&days=all;191596;200;True;
17;data_gathering;requests;1566392203.852254;-0.23071908950805664;https://www.dailymail.co.uk/home/search.html?offset=850&size=50&sel=site&searchPhrase=&sort=recent&type=article&topic=Immigration&days=all;https://www.dailymail.co.uk/home/search.html?offset=850&size=50&sel=site&searchPhrase=&sort=recent&type=article&topic=Immigration&days=all;191724;200;True;
18;data_gathering;requests;1566392205.261048;-0.3826608657836914;https://www.dailymail.co.uk/home/search.html?offset=900&size=50&sel=site&searchPhrase=&sort=recent&type=article&topic=Immigration&days=all;https://www.dailymail.co.uk/home/search.html?offset=900&size=50&sel=site&searchPhrase=&sort=recent&type=article&topic=Immigration&days=all;191964;200;True;
19;data_gathering;requests;1566392206.96107;-1.7156097888946533;https://www.dailymail.co.uk/home/search.html?offset=950&size=50&sel=site&searchPhrase=&sort=recent&type=article&topic=Immigration&days=all;https://www.dailymail.co.uk/home/search.html?offset=950&size=50&sel=site&searchPhrase=&sort=recent&type=article&topic=Immigration&days=all;190355;200;True;
20;data_gathering;requests;1566392210.1254358;-0.2072591781616211;https://www.dailymail.co.uk/home/search.html?offset=1000&size=50&sel=site&searchPhrase=&sort=recent&type=article&topic=Immigration&days=all;https://www.dailymail.co.uk/home/search.html?offset=1000&size=50&sel=site&searchPhrase=&sort=recent&type=article&topic=Immigration&days=all;189709;200;True;
21;data_gathering;requests;1566392211.527818;-0.39789390563964844;https://www.dailymail.co.uk/home/search.html?offset=1050&size=50&sel=site&searchPhrase=&sort=recent&type=article&topic=Immigration&days=all;https://www.dailymail.co.uk/home/search.html?offset=1050&size=50&sel=site&searchPhrase=&sort=recent&type=article&topic=Immigration&days=all;189477;200;True;
22;data_gathering;requests;1566392213.090029;-0.29750895500183105;https://www.dailymail.co.uk/home/search.html?offset=1100&size=50&sel=site&searchPhrase=&sort=recent&type=article&topic=Immigration&days=all;https://www.dailymail.co.uk/home/search.html?offset=1100&size=50&sel=site&searchPhrase=&sort=recent&type=article&topic=Immigration&days=all;190683;200;True;
23;data_gathering;requests;1566392214.47612;-0.26442980766296387;https://www.dailymail.co.uk/home/search.html?offset=1150&size=50&sel=site&searchPhrase=&sort=recent&type=article&topic=Immigration&days=all;https://www.dailymail.co.uk/home/search.html?offset=1150&size=50&sel=site&searchPhrase=&sort=recent&type=article&topic=Immigration&days=all;189559;200;True;
24;data_gathering;requests;1566392216.1516612;-0.2569239139556885;https://www.dailymail.co.uk/home/search.html?offset=1200&size=50&sel=site&searchPhrase=&sort=recent&type=article&topic=Immigration&days=all;https://www.dailymail.co.uk/home/search.html?offset=1200&size=50&sel=site&searchPhrase=&sort=recent&type=article&topic=Immigration&days=all;189343;200;True;
25;data_gathering;requests;1566392217.568824;-0.31564807891845703;https://www.dailymail.co.uk/home/search.html?offset=1250&size=50&sel=site&searchPhrase=&sort=recent&type=article&topic=Immigration&days=all;https://www.dailymail.co.uk/home/search.html?offset=1250&size=50&sel=site&searchPhrase=&sort=recent&type=article&topic=Immigration&days=all;189071;200;True;
26;data_gathering;requests;1566392218.99334;-0.35083508491516113;https://www.dailymail.co.uk/home/search.html?offset=1300&size=50&sel=site&searchPhrase=&sort=recent&type=article&topic=Immigration&days=all;https://www.dailymail.co.uk/home/search.html?offset=1300&size=50&sel=site&searchPhrase=&sort=recent&type=article&topic=Immigration&days=all;191060;200;True;
27;data_gathering;requests;1566392220.757152;-0.8787708282470703;https://www.dailymail.co.uk/home/search.html?offset=1350&size=50&sel=site&searchPhrase=&sort=recent&type=article&topic=Immigration&days=all;https://www.dailymail.co.uk/home/search.html?offset=1350&size=50&sel=site&searchPhrase=&sort=recent&type=article&topic=Immigration&days=all;189747;200;True;
28;data_gathering;requests;1566392222.961302;-0.23557090759277344;https://www.dailymail.co.uk/home/search.html?offset=1400&size=50&sel=site&searchPhrase=&sort=recent&type=article&topic=Immigration&days=all;https://www.dailymail.co.uk/home/search.html?offset=1400&size=50&sel=site&searchPhrase=&sort=recent&type=article&topic=Immigration&days=all;191498;200;True;
29;data_gathering;requests;1566392224.585611;-0.2082517147064209;https://www.dailymail.co.uk/home/search.html?offset=1450&size=50&sel=site&searchPhrase=&sort=recent&type=article&topic=Immigration&days=all;https://www.dailymail.co.uk/home/search.html?offset=1450&size=50&sel=site&searchPhrase=&sort=recent&type=article&topic=Immigration&days=all;190142;200;True;
30;data_gathering;requests;1566392226.012977;-0.19352316856384277;https://www.dailymail.co.uk/home/search.html?offset=1500&size=50&sel=site&searchPhrase=&sort=recent&type=article&topic=Immigration&days=all;https://www.dailymail.co.uk/home/search.html?offset=1500&size=50&sel=site&searchPhrase=&sort=recent&type=article&topic=Immigration&days=all;190048;200;True;
31;data_gathering;requests;1566392227.535784;-0.7889969348907471;https://www.dailymail.co.uk/home/search.html?offset=1550&size=50&sel=site&searchPhrase=&sort=recent&type=article&topic=Immigration&days=all;https://www.dailymail.co.uk/home/search.html?offset=1550&size=50&sel=site&searchPhrase=&sort=recent&type=article&topic=Immigration&days=all;188733;200;True;
32;data_gathering;requests;1566392229.8427908;-0.1804971694946289;https://www.dailymail.co.uk/home/search.html?offset=1600&size=50&sel=site&searchPhrase=&sort=recent&type=article&topic=Immigration&days=all;https://www.dailymail.co.uk/home/search.html?offset=1600&size=50&sel=site&searchPhrase=&sort=recent&type=article&topic=Immigration&days=all;189347;200;True;
33;data_gathering;requests;1566392231.1984289;-0.5613162517547607;https://www.dailymail.co.uk/home/search.html?offset=1650&size=50&sel=site&searchPhrase=&sort=recent&type=article&topic=Immigration&days=all;https://www.dailymail.co.uk/home/search.html?offset=1650&size=50&sel=site&searchPhrase=&sort=recent&type=article&topic=Immigration&days=all;190526;200;True;
34;data_gathering;requests;1566392232.994747;-0.22854208946228027;https://www.dailymail.co.uk/home/search.html?offset=1700&size=50&sel=site&searchPhrase=&sort=recent&type=article&topic=Immigration&days=all;https://www.dailymail.co.uk/home/search.html?offset=1700&size=50&sel=site&searchPhrase=&sort=recent&type=article&topic=Immigration&days=all;188858;200;True;
35;data_gathering;requests;1566392234.4174678;-0.2119600772857666;https://www.dailymail.co.uk/home/search.html?offset=1750&size=50&sel=site&searchPhrase=&sort=recent&type=article&topic=Immigration&days=all;https://www.dailymail.co.uk/home/search.html?offset=1750&size=50&sel=site&searchPhrase=&sort=recent&type=article&topic=Immigration&days=all;189030;200;True;
36;data_gathering;requests;1566392236.1514518;-0.3089332580566406;https://www.dailymail.co.uk/home/search.html?offset=1800&size=50&sel=site&searchPhrase=&sort=recent&type=article&topic=Immigration&days=all;https://www.dailymail.co.uk/home/search.html?offset=1800&size=50&sel=site&searchPhrase=&sort=recent&type=article&topic=Immigration&days=all;189184;200;True;
37;data_gathering;requests;1566392237.7115;-0.16882705688476562;https://www.dailymail.co.uk/home/search.html?offset=1850&size=50&sel=site&searchPhrase=&sort=recent&type=article&topic=Immigration&days=all;https://www.dailymail.co.uk/home/search.html?offset=1850&size=50&sel=site&searchPhrase=&sort=recent&type=article&topic=Immigration&days=all;188065;200;True;
38;data_gathering;requests;1566392239.428223;-0.6909372806549072;https://www.dailymail.co.uk/home/search.html?offset=1900&size=50&sel=site&searchPhrase=&sort=recent&type=article&topic=Immigration&days=all;https://www.dailymail.co.uk/home/search.html?offset=1900&size=50&sel=site&searchPhrase=&sort=recent&type=article&topic=Immigration&days=all;188913;200;True;
39;data_gathering;requests;1566392241.5495942;-0.3383488655090332;https://www.dailymail.co.uk/home/search.html?offset=1950&size=50&sel=site&searchPhrase=&sort=recent&type=article&topic=Immigration&days=all;https://www.dailymail.co.uk/home/search.html?offset=1950&size=50&sel=site&searchPhrase=&sort=recent&type=article&topic=Immigration&days=all;189570;200;True;
40;data_gathering;requests;1566392243.178271;-0.509746789932251;https://www.dailymail.co.uk/home/search.html?offset=2000&size=50&sel=site&searchPhrase=&sort=recent&type=article&topic=Immigration&days=all;https://www.dailymail.co.uk/home/search.html?offset=2000&size=50&sel=site&searchPhrase=&sort=recent&type=article&topic=Immigration&days=all;189089;200;True;
41;data_gathering;requests;1566392245.136075;-0.1994161605834961;https://www.dailymail.co.uk/home/search.html?offset=2050&size=50&sel=site&searchPhrase=&sort=recent&type=article&topic=Immigration&days=all;https://www.dailymail.co.uk/home/search.html?offset=2050&size=50&sel=site&searchPhrase=&sort=recent&type=article&topic=Immigration&days=all;188961;200;True;
42;data_gathering;requests;1566392246.4948301;-0.30720090866088867;https://www.dailymail.co.uk/home/search.html?offset=2100&size=50&sel=site&searchPhrase=&sort=recent&type=article&topic=Immigration&days=all;https://www.dailymail.co.uk/home/search.html?offset=2100&size=50&sel=site&searchPhrase=&sort=recent&type=article&topic=Immigration&days=all;188738;200;True;
43;data_gathering;requests;1566392248.311679;-0.26633715629577637;https://www.dailymail.co.uk/home/search.html?offset=2150&size=50&sel=site&searchPhrase=&sort=recent&type=article&topic=Immigration&days=all;https://www.dailymail.co.uk/home/search.html?offset=2150&size=50&sel=site&searchPhrase=&sort=recent&type=article&topic=Immigration&days=all;189834;200;True;
44;data_gathering;requests;1566392249.9101288;-0.20245623588562012;https://www.dailymail.co.uk/home/search.html?offset=2200&size=50&sel=site&searchPhrase=&sort=recent&type=article&topic=Immigration&days=all;https://www.dailymail.co.uk/home/search.html?offset=2200&size=50&sel=site&searchPhrase=&sort=recent&type=article&topic=Immigration&days=all;190508;200;True;
45;data_gathering;requests;1566392251.5452511;-0.19197487831115723;https://www.dailymail.co.uk/home/search.html?offset=2250&size=50&sel=site&searchPhrase=&sort=recent&type=article&topic=Immigration&days=all;https://www.dailymail.co.uk/home/search.html?offset=2250&size=50&sel=site&searchPhrase=&sort=recent&type=article&topic=Immigration&days=all;192032;200;True;
46;data_gathering;requests;1566392253.085543;-0.25534892082214355;https://www.dailymail.co.uk/home/search.html?offset=2300&size=50&sel=site&searchPhrase=&sort=recent&type=article&topic=Immigration&days=all;https://www.dailymail.co.uk/home/search.html?offset=2300&size=50&sel=site&searchPhrase=&sort=recent&type=article&topic=Immigration&days=all;190605;200;True;
47;data_gathering;requests;1566392254.56206;-0.1700289249420166;https://www.dailymail.co.uk/home/search.html?offset=2350&size=50&sel=site&searchPhrase=&sort=recent&type=article&topic=Immigration&days=all;https://www.dailymail.co.uk/home/search.html?offset=2350&size=50&sel=site&searchPhrase=&sort=recent&type=article&topic=Immigration&days=all;191118;200;True;
48;data_gathering;requests;1566392256.2620978;-0.16334009170532227;https://www.dailymail.co.uk/home/search.html?offset=2400&size=50&sel=site&searchPhrase=&sort=recent&type=article&topic=Immigration&days=all;https://www.dailymail.co.uk/home/search.html?offset=2400&size=50&sel=site&searchPhrase=&sort=recent&type=article&topic=Immigration&days=all;190304;200;True;
49;data_gathering;requests;1566392257.613675;-0.18189692497253418;https://www.dailymail.co.uk/home/search.html?offset=2450&size=50&sel=site&searchPhrase=&sort=recent&type=article&topic=Immigration&days=all;https://www.dailymail.co.uk/home/search.html?offset=2450&size=50&sel=site&searchPhrase=&sort=recent&type=article&topic=Immigration&days=all;193385;200;True;
50;data_gathering;requests;1566392259.16775;-0.31244325637817383;https://www.dailymail.co.uk/home/search.html?offset=2500&size=50&sel=site&searchPhrase=&sort=recent&type=article&topic=Immigration&days=all;https://www.dailymail.co.uk/home/search.html?offset=2500&size=50&sel=site&searchPhrase=&sort=recent&type=article&topic=Immigration&days=all;195358;200;True;
51;data_gathering;requests;1566392260.5952;-0.4110567569732666;https://www.dailymail.co.uk/home/search.html?offset=2550&size=50&sel=site&searchPhrase=&sort=recent&type=article&topic=Immigration&days=all;https://www.dailymail.co.uk/home/search.html?offset=2550&size=50&sel=site&searchPhrase=&sort=recent&type=article&topic=Immigration&days=all;196182;200;True;
52;data_gathering;requests;1566392262.453482;-0.24309110641479492;https://www.dailymail.co.uk/home/search.html?offset=2600&size=50&sel=site&searchPhrase=&sort=recent&type=article&topic=Immigration&days=all;https://www.dailymail.co.uk/home/search.html?offset=2600&size=50&sel=site&searchPhrase=&sort=recent&type=article&topic=Immigration&days=all;197204;200;True;
53;data_gathering;requests;1566392263.869856;-0.37772274017333984;https://www.dailymail.co.uk/home/search.html?offset=2650&size=50&sel=site&searchPhrase=&sort=recent&type=article&topic=Immigration&days=all;https://www.dailymail.co.uk/home/search.html?offset=2650&size=50&sel=site&searchPhrase=&sort=recent&type=article&topic=Immigration&days=all;196156;200;True;
54;data_gathering;requests;1566392265.462836;-0.21800708770751953;https://www.dailymail.co.uk/home/search.html?offset=2700&size=50&sel=site&searchPhrase=&sort=recent&type=article&topic=Immigration&days=all;https://www.dailymail.co.uk/home/search.html?offset=2700&size=50&sel=site&searchPhrase=&sort=recent&type=article&topic=Immigration&days=all;195503;200;True;
55;data_gathering;requests;1566392266.828615;-0.44722914695739746;https://www.dailymail.co.uk/home/search.html?offset=2750&size=50&sel=site&searchPhrase=&sort=recent&type=article&topic=Immigration&days=all;https://www.dailymail.co.uk/home/search.html?offset=2750&size=50&sel=site&searchPhrase=&sort=recent&type=article&topic=Immigration&days=all;197537;200;True;
56;data_gathering;requests;1566392268.600963;-0.2395329475402832;https://www.dailymail.co.uk/home/search.html?offset=2800&size=50&sel=site&searchPhrase=&sort=recent&type=article&topic=Immigration&days=all;https://www.dailymail.co.uk/home/search.html?offset=2800&size=50&sel=site&searchPhrase=&sort=recent&type=article&topic=Immigration&days=all;196622;200;True;
57;data_gathering;requests;1566392270.1371741;-0.44586801528930664;https://www.dailymail.co.uk/home/search.html?offset=2850&size=50&sel=site&searchPhrase=&sort=recent&type=article&topic=Immigration&days=all;https://www.dailymail.co.uk/home/search.html?offset=2850&size=50&sel=site&searchPhrase=&sort=recent&type=article&topic=Immigration&days=all;196370;200;True;
58;data_gathering;requests;1566392271.751295;-0.9566068649291992;https://www.dailymail.co.uk/home/search.html?offset=2900&size=50&sel=site&searchPhrase=&sort=recent&type=article&topic=Immigration&days=all;https://www.dailymail.co.uk/home/search.html?offset=2900&size=50&sel=site&searchPhrase=&sort=recent&type=article&topic=Immigration&days=all;195791;200;True;
59;data_gathering;requests;1566392274.005305;-0.35944676399230957;https://www.dailymail.co.uk/home/search.html?offset=2950&size=50&sel=site&searchPhrase=&sort=recent&type=article&topic=Immigration&days=all;https://www.dailymail.co.uk/home/search.html?offset=2950&size=50&sel=site&searchPhrase=&sort=recent&type=article&topic=Immigration&days=all;197152;200;True;
60;data_gathering;requests;1566392275.4897768;-0.9466502666473389;https://www.dailymail.co.uk/home/search.html?offset=3000&size=50&sel=site&searchPhrase=&sort=recent&type=article&topic=Immigration&days=all;https://www.dailymail.co.uk/home/search.html?offset=3000&size=50&sel=site&searchPhrase=&sort=recent&type=article&topic=Immigration&days=all;195572;200;True;
61;data_gathering;requests;1566392277.779043;-0.29659295082092285;https://www.dailymail.co.uk/home/search.html?offset=3050&size=50&sel=site&searchPhrase=&sort=recent&type=article&topic=Immigration&days=all;https://www.dailymail.co.uk/home/search.html?offset=3050&size=50&sel=site&searchPhrase=&sort=recent&type=article&topic=Immigration&days=all;197390;200;True;
62;data_gathering;requests;1566392279.295649;-0.26151609420776367;https://www.dailymail.co.uk/home/search.html?offset=3100&size=50&sel=site&searchPhrase=&sort=recent&type=article&topic=Immigration&days=all;https://www.dailymail.co.uk/home/search.html?offset=3100&size=50&sel=site&searchPhrase=&sort=recent&type=article&topic=Immigration&days=all;198451;200;True;
63;data_gathering;requests;1566392281.09297;-0.5704760551452637;https://www.dailymail.co.uk/home/search.html?offset=3150&size=50&sel=site&searchPhrase=&sort=recent&type=article&topic=Immigration&days=all;https://www.dailymail.co.uk/home/search.html?offset=3150&size=50&sel=site&searchPhrase=&sort=recent&type=article&topic=Immigration&days=all;197421;200;True;
64;data_gathering;requests;1566392282.884962;-0.23328471183776855;https://www.dailymail.co.uk/home/search.html?offset=3200&size=50&sel=site&searchPhrase=&sort=recent&type=article&topic=Immigration&days=all;https://www.dailymail.co.uk/home/search.html?offset=3200&size=50&sel=site&searchPhrase=&sort=recent&type=article&topic=Immigration&days=all;198174;200;True;
65;data_gathering;requests;1566392284.4294348;-0.22979211807250977;https://www.dailymail.co.uk/home/search.html?offset=3250&size=50&sel=site&searchPhrase=&sort=recent&type=article&topic=Immigration&days=all;https://www.dailymail.co.uk/home/search.html?offset=3250&size=50&sel=site&searchPhrase=&sort=recent&type=article&topic=Immigration&days=all;198912;200;True;
66;data_gathering;requests;1566392285.839662;-0.2227630615234375;https://www.dailymail.co.uk/home/search.html?offset=3300&size=50&sel=site&searchPhrase=&sort=recent&type=article&topic=Immigration&days=all;https://www.dailymail.co.uk/home/search.html?offset=3300&size=50&sel=site&searchPhrase=&sort=recent&type=article&topic=Immigration&days=all;202005;200;True;
67;data_gathering;requests;1566392287.578911;-0.22731900215148926;https://www.dailymail.co.uk/home/search.html?offset=3350&size=50&sel=site&searchPhrase=&sort=recent&type=article&topic=Immigration&days=all;https://www.dailymail.co.uk/home/search.html?offset=3350&size=50&sel=site&searchPhrase=&sort=recent&type=article&topic=Immigration&days=all;198319;200;True;
68;data_gathering;requests;1566392288.995429;-0.21017885208129883;https://www.dailymail.co.uk/home/search.html?offset=3400&size=50&sel=site&searchPhrase=&sort=recent&type=article&topic=Immigration&days=all;https://www.dailymail.co.uk/home/search.html?offset=3400&size=50&sel=site&searchPhrase=&sort=recent&type=article&topic=Immigration&days=all;199455;200;True;
69;data_gathering;requests;1566392290.339658;-0.24003291130065918;https://www.dailymail.co.uk/home/search.html?offset=3450&size=50&sel=site&searchPhrase=&sort=recent&type=article&topic=Immigration&days=all;https://www.dailymail.co.uk/home/search.html?offset=3450&size=50&sel=site&searchPhrase=&sort=recent&type=article&topic=Immigration&days=all;199919;200;True;
70;data_gathering;requests;1566392291.750988;-0.7143039703369141;https://www.dailymail.co.uk/home/search.html?offset=3500&size=50&sel=site&searchPhrase=&sort=recent&type=article&topic=Immigration&days=all;https://www.dailymail.co.uk/home/search.html?offset=3500&size=50&sel=site&searchPhrase=&sort=recent&type=article&topic=Immigration&days=all;199063;200;True;
71;data_gathering;requests;1566392293.867886;-0.23354506492614746;https://www.dailymail.co.uk/home/search.html?offset=3550&size=50&sel=site&searchPhrase=&sort=recent&type=article&topic=Immigration&days=all;https://www.dailymail.co.uk/home/search.html?offset=3550&size=50&sel=site&searchPhrase=&sort=recent&type=article&topic=Immigration&days=all;198914;200;True;
72;data_gathering;requests;1566392295.567594;-0.1942119598388672;https://www.dailymail.co.uk/home/search.html?offset=3600&size=50&sel=site&searchPhrase=&sort=recent&type=article&topic=Immigration&days=all;https://www.dailymail.co.uk/home/search.html?offset=3600&size=50&sel=site&searchPhrase=&sort=recent&type=article&topic=Immigration&days=all;201776;200;True;
73;data_gathering;requests;1566392297.142679;-0.23197102546691895;https://www.dailymail.co.uk/home/search.html?offset=3650&size=50&sel=site&searchPhrase=&sort=recent&type=article&topic=Immigration&days=all;https://www.dailymail.co.uk/home/search.html?offset=3650&size=50&sel=site&searchPhrase=&sort=recent&type=article&topic=Immigration&days=all;202664;200;True;
74;data_gathering;requests;1566392298.812405;-0.2502617835998535;https://www.dailymail.co.uk/home/search.html?offset=3700&size=50&sel=site&searchPhrase=&sort=recent&type=article&topic=Immigration&days=all;https://www.dailymail.co.uk/home/search.html?offset=3700&size=50&sel=site&searchPhrase=&sort=recent&type=article&topic=Immigration&days=all;201100;200;True;
75;data_gathering;requests;1566392300.448405;-0.3157219886779785;https://www.dailymail.co.uk/home/search.html?offset=3750&size=50&sel=site&searchPhrase=&sort=recent&type=article&topic=Immigration&days=all;https://www.dailymail.co.uk/home/search.html?offset=3750&size=50&sel=site&searchPhrase=&sort=recent&type=article&topic=Immigration&days=all;199078;200;True;
76;data_gathering;requests;1566392301.875364;-0.7509288787841797;https://www.dailymail.co.uk/home/search.html?offset=3800&size=50&sel=site&searchPhrase=&sort=recent&type=article&topic=Immigration&days=all;https://www.dailymail.co.uk/home/search.html?offset=3800&size=50&sel=site&searchPhrase=&sort=recent&type=article&topic=Immigration&days=all;204060;200;True;
77;data_gathering;requests;1566392303.941782;-0.2294762134552002;https://www.dailymail.co.uk/home/search.html?offset=3850&size=50&sel=site&searchPhrase=&sort=recent&type=article&topic=Immigration&days=all;https://www.dailymail.co.uk/home/search.html?offset=3850&size=50&sel=site&searchPhrase=&sort=recent&type=article&topic=Immigration&days=all;203970;200;True;
78;data_gathering;requests;1566392305.408229;-0.24813294410705566;https://www.dailymail.co.uk/home/search.html?offset=3900&size=50&sel=site&searchPhrase=&sort=recent&type=article&topic=Immigration&days=all;https://www.dailymail.co.uk/home/search.html?offset=3900&size=50&sel=site&searchPhrase=&sort=recent&type=article&topic=Immigration&days=all;202292;200;True;
79;data_gathering;requests;1566392307.134582;-0.20359396934509277;https://www.dailymail.co.uk/home/search.html?offset=3950&size=50&sel=site&searchPhrase=&sort=recent&type=article&topic=Immigration&days=all;https://www.dailymail.co.uk/home/search.html?offset=3950&size=50&sel=site&searchPhrase=&sort=recent&type=article&topic=Immigration&days=all;199989;200;True;
80;data_gathering;requests;1566392308.701547;-0.26247620582580566;https://www.dailymail.co.uk/home/search.html?offset=4000&size=50&sel=site&searchPhrase=&sort=recent&type=article&topic=Immigration&days=all;https://www.dailymail.co.uk/home/search.html?offset=4000&size=50&sel=site&searchPhrase=&sort=recent&type=article&topic=Immigration&days=all;200386;200;True;
81;data_gathering;requests;1566392310.460899;-0.25449705123901367;https://www.dailymail.co.uk/home/search.html?offset=4050&size=50&sel=site&searchPhrase=&sort=recent&type=article&topic=Immigration&days=all;https://www.dailymail.co.uk/home/search.html?offset=4050&size=50&sel=site&searchPhrase=&sort=recent&type=article&topic=Immigration&days=all;201002;200;True;
82;data_gathering;requests;1566392312.076705;-0.28017306327819824;https://www.dailymail.co.uk/home/search.html?offset=4100&size=50&sel=site&searchPhrase=&sort=recent&type=article&topic=Immigration&days=all;https://www.dailymail.co.uk/home/search.html?offset=4100&size=50&sel=site&searchPhrase=&sort=recent&type=article&topic=Immigration&days=all;198903;200;True;
83;data_gathering;requests;1566392313.8850188;-0.19055819511413574;https://www.dailymail.co.uk/home/search.html?offset=4150&size=50&sel=site&searchPhrase=&sort=recent&type=article&topic=Immigration&days=all;https://www.dailymail.co.uk/home/search.html?offset=4150&size=50&sel=site&searchPhrase=&sort=recent&type=article&topic=Immigration&days=all;197851;200;True;
84;data_gathering;requests;1566392315.2007492;-0.43466782569885254;https://www.dailymail.co.uk/home/search.html?offset=4200&size=50&sel=site&searchPhrase=&sort=recent&type=article&topic=Immigration&days=all;https://www.dailymail.co.uk/home/search.html?offset=4200&size=50&sel=site&searchPhrase=&sort=recent&type=article&topic=Immigration&days=all;202652;200;True;
85;data_gathering;requests;1566392316.8507361;-0.19845104217529297;https://www.dailymail.co.uk/home/search.html?offset=4250&size=50&sel=site&searchPhrase=&sort=recent&type=article&topic=Immigration&days=all;https://www.dailymail.co.uk/home/search.html?offset=4250&size=50&sel=site&searchPhrase=&sort=recent&type=article&topic=Immigration&days=all;202587;200;True;
86;data_gathering;requests;1566392318.296001;-0.2761411666870117;https://www.dailymail.co.uk/home/search.html?offset=4300&size=50&sel=site&searchPhrase=&sort=recent&type=article&topic=Immigration&days=all;https://www.dailymail.co.uk/home/search.html?offset=4300&size=50&sel=site&searchPhrase=&sort=recent&type=article&topic=Immigration&days=all;203104;200;True;
87;data_gathering;requests;1566392319.634488;-0.22020578384399414;https://www.dailymail.co.uk/home/search.html?offset=4350&size=50&sel=site&searchPhrase=&sort=recent&type=article&topic=Immigration&days=all;https://www.dailymail.co.uk/home/search.html?offset=4350&size=50&sel=site&searchPhrase=&sort=recent&type=article&topic=Immigration&days=all;202625;200;True;
88;data_gathering;requests;1566392321.009738;-1.1055569648742676;https://www.dailymail.co.uk/home/search.html?offset=4400&size=50&sel=site&searchPhrase=&sort=recent&type=article&topic=Immigration&days=all;https://www.dailymail.co.uk/home/search.html?offset=4400&size=50&sel=site&searchPhrase=&sort=recent&type=article&topic=Immigration&days=all;201089;200;True;
89;data_gathering;requests;1566392323.312491;-0.36695313453674316;https://www.dailymail.co.uk/home/search.html?offset=4450&size=50&sel=site&searchPhrase=&sort=recent&type=article&topic=Immigration&days=all;https://www.dailymail.co.uk/home/search.html?offset=4450&size=50&sel=site&searchPhrase=&sort=recent&type=article&topic=Immigration&days=all;203414;200;True;
90;data_gathering;requests;1566392325.235544;-0.21915411949157715;https://www.dailymail.co.uk/home/search.html?offset=4500&size=50&sel=site&searchPhrase=&sort=recent&type=article&topic=Immigration&days=all;https://www.dailymail.co.uk/home/search.html?offset=4500&size=50&sel=site&searchPhrase=&sort=recent&type=article&topic=Immigration&days=all;201324;200;True;
91;data_gathering;requests;1566392326.929493;-0.9292809963226318;https://www.dailymail.co.uk/home/search.html?offset=4550&size=50&sel=site&searchPhrase=&sort=recent&type=article&topic=Immigration&days=all;https://www.dailymail.co.uk/home/search.html?offset=4550&size=50&sel=site&searchPhrase=&sort=recent&type=article&topic=Immigration&days=all;200463;200;True;
92;data_gathering;requests;1566392329.043092;-0.2197129726409912;https://www.dailymail.co.uk/home/search.html?offset=4600&size=50&sel=site&searchPhrase=&sort=recent&type=article&topic=Immigration&days=all;https://www.dailymail.co.uk/home/search.html?offset=4600&size=50&sel=site&searchPhrase=&sort=recent&type=article&topic=Immigration&days=all;202011;200;True;
93;data_gathering;requests;1566392330.7785442;-1.2882466316223145;https://www.dailymail.co.uk/home/search.html?offset=4650&size=50&sel=site&searchPhrase=&sort=recent&type=article&topic=Immigration&days=all;https://www.dailymail.co.uk/home/search.html?offset=4650&size=50&sel=site&searchPhrase=&sort=recent&type=article&topic=Immigration&days=all;200659;200;True;
94;data_gathering;requests;1566392333.545064;-0.21174407005310059;https://www.dailymail.co.uk/home/search.html?offset=4700&size=50&sel=site&searchPhrase=&sort=recent&type=article&topic=Immigration&days=all;https://www.dailymail.co.uk/home/search.html?offset=4700&size=50&sel=site&searchPhrase=&sort=recent&type=article&topic=Immigration&days=all;151405;200;True;
95;data_gathering;requests;1566392335.068907;-0.17378997802734375;https://www.dailymail.co.uk/home/search.html?offset=4750&size=50&sel=site&searchPhrase=&sort=recent&type=article&topic=Immigration&days=all;https://www.dailymail.co.uk/home/search.html?offset=4750&size=50&sel=site&searchPhrase=&sort=recent&type=article&topic=Immigration&days=all;121349;200;True;