Link,Searchterm
http://dr.dk/nyheder/udland/mexicansk-haer-befrier-165-migranter,migrant
http://dr.dk/nyheder/udland/italien-kystvagter-redder-500-afrikanske-migranter,migrant
http://dr.dk/nyheder/udland/213-migranter-gemt-i-trailer,migrant
http://dr.dk/nyheder/udland/doedstal-stiger-efter-godstogulykke-i-mexico,migrant
http://dr.dk/nyheder/indland/blad-politi-lader-illegale-passere,migrant
http://dr.dk/nyheder/udland/baadkatastrofe-saetter-spot-paa-flygtningeproblem,migrant
http://dr.dk/nyheder/udland/14-aarig-pige-draebt-ved-nynazistisk-angreb,migrant
http://dr.dk/nyheder/udland/1500-doede-paa-vej-til-europa-sidste-aar,migrant
http://dr.dk/nyheder/politik/df-illegale-i-lufthavnen-skal-stoppes,migrant
http://dr.dk/nyheder/udland/her-er-prisen-et-nyt-liv-i-europa,migrant
http://dr.dk/nyheder/indland/flere-kroner-til-minerydning-i-libyen,migrant
http://dr.dk/nyheder/udland/overlevende-fra-lampedusa-vi-floed-rundt-blandt-doede-kroppe,migrant
http://dr.dk/nyheder/udland/malta-middelhavet-er-blevet-en-kirkegaard,migrant
http://dr.dk/nyheder/udland/video-korrespondent-eu-fokuserer-udelukkende-paa-graensekontrol,migrant
http://dr.dk/nyheder/udland/fiskerbaad-med-200-flygtninge-sunket-vi-gik-i-panik,migrant
http://dr.dk/nyheder/udland/fire-millioner-europaeere-faar-mad-fra-roede-kors,migrant
http://dr.dk/nyheder/udland/fem-timers-kampe-taliban-slog-til-i-kabul,migrant
http://dr.dk/nyheder/udland/kinesisk-leder-arbejdere-skal-behandles-godt,migrant
http://dr.dk/nyheder/indland/illegal-arbejdskraft-breder-sig-mere-og-mere,migrant
http://dr.dk/nyheder/politik/lampedusa-problematik-eu-ledere-vil-se-handling-nu,migrant
http://dr.dk/nyheder/indland/danskere-soeger-job-i-europa,migrant
http://dr.dk/nyheder/udland/danskerne-blandt-de-mest-asylvenlige-i-eu,migrant
http://dr.dk/nyheder/indland/sexarbejdere-bijobber-med-rengoering,migrant
http://dr.dk/nyheder/indland/forsker-au-pair-bliver-billig-arbejdskraft,migrant
http://dr.dk/nyheder/udland/doedstal-efter-skibsforlis-stiger-fortsat,migrant
http://dr.dk/nyheder/indland/roede-kors-politi-skal-holde-sig-vaek,migrant
http://dr.dk/nyheder/politik/illegale-indvandrere-skal-have-laegehjaelp,migrant
http://dr.dk/nyheder/indland/video-sugee-er-fra-nigeria-og-hjemloes-i-koebenhavn,migrant
http://dr.dk/nyheder/indland/hver-sjette-asylansoeger-sigtet,asylansøg
http://dr.dk/nyheder/indland/100-asylansoegere-forvundet-i-aar,asylansøg
http://dr.dk/nyheder/indland/hjemsendelsespenge-til-afviste-asylansoegere-fortsaetter,asylansøg
http://dr.dk/nyheder/indland/asylansoegere-faar-en-mia-bistandskroner,asylansøg
http://dr.dk/nyheder/indland/politiet-vil-frihedsberoeve-kriminelle-asylansoegere,asylansøg
http://dr.dk/nyheder/udland/asylansogere-strommer-til-schweiz,asylansøg
http://dr.dk/nyheder/regionale/hovedstadsomraadet/asylansoegere-forsvinder-efter-ankomst-til-koebenhavns-lufthavn,asylansøg
http://dr.dk/nyheder/indland/rekordmange-afviste-asylansoegere-rejser-hjem-i-aar,asylansøg
http://dr.dk/nyheder/indland/kommuner-skaber-plads-til-asylansoegere,asylansøg
http://dr.dk/nyheder/indland/200-asylansoegere-flytter-til-vollsmose,asylansøg
http://dr.dk/nyheder/indland/kortere-ophold-asylansoegere,asylansøg
http://dr.dk/nyheder/politik/valg/kv13/udrejsecenter-asylansoegere-til-debat-i-hoersholm,asylansøg
http://dr.dk/nyheder/indland/flere-og-flere-asylansoegere-sultestrejker,asylansøg
http://dr.dk/nyheder/politik/serbiske-asylansoegere-sendes-retur-i-hoejt-tempo,asylansøg
http://dr.dk/nyheder/indland/flygtningenaevnet-lemper-krav-syriske-asylansoegere,asylansøg
http://dr.dk/nyheder/indland/flere-asylansoegere-end-de-sidste-10-aar,asylansøg
http://dr.dk/nyheder/politik/boedskov-arbejde-til-asylansoegere-letter-hjemsendelse,asylansøg
http://dr.dk/nyheder/indland/asylansoegere-vil-ikke-til-danmark,asylansøg
http://dr.dk/nyheder/indland/flere-asylansoegere-arbejder-ulovligt,asylansøg
http://dr.dk/nyheder/indland/asylansoegere-soeger-tilflugt-i-kirke,asylansøg
http://dr.dk/nyheder/indland/menighedsraad-moedes-om-asylansoegeres-skaebne,asylansøg
http://dr.dk/nyheder/udland/eu-sikrer-rettigheder-asylansoegere,asylansøg
http://dr.dk/nyheder/politik/venstre-vil-lukke-asylansoegere-igen,asylansøg
http://dr.dk/nyheder/indland/801-afviste-asylansoegere-strandet,asylansøg
http://dr.dk/nyheder/udland/asylansoegere-fortryder-rejse-til-norge,asylansøg
http://dr.dk/nyheder/indland/vil-give-afviste-asylansoegere-ophold,asylansøg
http://dr.dk/nyheder/indland/asylansoegere-er-mentorer-soldater,asylansøg
http://dr.dk/nyheder/indland/asylansoeger-anholdt-efter-knivstikkeri-ved-christiania,asylansøg
http://dr.dk/nyheder/udland/flest-asylansoegere-til-storbritannien,asylansøg
http://dr.dk/nyheder/politik/df-asylansoegere-skal-aflevere-dna,asylansøg
http://dr.dk/nyheder/indland/asylansoegere-stroemmer-til-danmark,asylansøg
http://dr.dk/nyheder/indland/koebenhavn-vil-modtage-asylansoegere-med-velkomsthus,asylansøg
http://dr.dk/nyheder/indland/politiet-seks-asylansoegere-faengslet-flere-end-70-indbrud,asylansøg
http://dr.dk/nyheder/udland/tredobbelt-busdrab-i-norge-anholdt-mand-er-asylansoeger,asylansøg
http://dr.dk/nyheder/indland/flere-afviste-asylansogere-bliver-i-danmark,asylansøg
http://dr.dk/nyheder/indland/asylchef-en-lettelse-asylansoegere,asylansøg
http://dr.dk/nyheder/politik/nyt-asyludspil-vi-ma-ikke-nedbryde-asylansogere,asylansøg
http://dr.dk/nyheder/politik/roede-kors-skal-eskortere-asylansoegere,asylansøg
http://dr.dk/nyheder/udland/australien-asylansoegere-syr-laeber-sammen,asylansøg
http://dr.dk/nyheder/indland/hver-fjerde-asylansoeger-i-juli-kom-fra-syrien,asylansøg
http://dr.dk/nyheder/indland/asylansoegere-kan-risikere-maaneders-uvished,asylansøg
http://dr.dk/nyheder/udland/amnesty-asylansoegere-behandles-som-kriminelle,asylansøg
http://dr.dk/nyheder/udland/baad-fyldt-med-asylansoegere-er-gaaet-til-bunds-ved-java,asylansøg
http://dr.dk/nyheder/udland/sendte-afvist-asylansoeger-til-det-forkerte-land,asylansøg
http://dr.dk/nyheder/indland/asylansoeger-med-kokain-i-sandholm-faengslet-i-fire-uger,asylansøg
http://dr.dk/nyheder/indland/asylansoeger-stukket-ned-i-broendby,asylansøg
http://dr.dk/nyheder/udland/australien-indfoerer-stop-asylansoegere,asylansøg
http://dr.dk/nyheder/din-mening-skal-afviste-asylansoegere-have-opholdstilladelse,asylansøg
http://dr.dk/nyheder/politik/roede-kors-kritiserer-nyt-center-afviste-asylansoegere,asylansøg
http://dr.dk/nyheder/politik/justitsminister-beder-om-perspektiv-sverige-modtager-40000-asylansoegere,asylansøg
http://dr.dk/nyheder/udland/norge-tvangshjemsender-5000-afviste-asylansoegere,asylansøg
http://dr.dk/nyheder/politik/styrelse-asylansoegere-i-vollsmose-er-den-bedste-loesning,asylansøg
http://dr.dk/nyheder/indland/asylansoegere-faar-sag-behandlet-i-danmark,asylansøg
http://dr.dk/nyheder/indland/asylansoegere-i-sverige-arbejder-ulovligt-i-danmark,asylansøg
http://dr.dk/nyheder/indland/politiet-har-ikke-styr-paa-asylansoegere,asylansøg
http://dr.dk/nyheder/kultur/unge-asylansoegere-tager-billeder-af-haab,asylansøg
http://dr.dk/nyheder/indland/asylansoeger-bliver-jeg-nu-banket-ihjel,asylansøg
http://dr.dk/nyheder/indland/tiltales-ville-skaffe-asylansoegere-arbejde,asylansøg
http://dr.dk/nyheder/udland/britisk-politi-beskyldes-vold-mod-asylansoegere,asylansøg
http://dr.dk/nyheder/politik/stoejberg-vil-slaa-ned-paa-asylansoegere-der-arbejder,asylansøg
http://dr.dk/nyheder/politik/eu-vil-sikre-bedre-hjaelp-til-syriske-flygtninge,asylansøg
http://dr.dk/nyheder/politik/df-frygter-stroem-af-syriske-flygtninge,asylansøg
http://dr.dk/nyheder/indland/sjaelsmark-kaserne-skal-vaere-udrejsecenter,asylansøg
http://dr.dk/nyheder/udland/flygtninge-goer-voldsomt-oproer-paa-asyl-oe,asylansøg
http://dr.dk/nyheder/indland/politiet-fanger-menneskesmuglere-ved-roedby-faerge,asylansøg
http://dr.dk/nyheder/indland/flygtninge-stroemmer-til-danmark,asylansøg
http://dr.dk/nyheder/politik/roede-kors-roser-regeringens-asylplaner,asylansøg
http://dr.dk/nyheder/indland/danmark-har-sendt-500-afviste-serbere-hjem,asylansøg
http://dr.dk/nyheder/politik/faa-soeger-ud-af-asylcentrene,asylansøg
http://dr.dk/nyheder/politik/s-det-kan-give-mening-sende-afghanske-boern-hjem,asylansøg
http://dr.dk/nyheder/politik/politikere-kommuner-boer-inddrages-i-asylsager,asylansøg
http://dr.dk/nyheder/indland/syriske-flygtninge-vil-besaette-ambassade,asylansøg
http://dr.dk/nyheder/politik/asylpolitik-skaber-intern-splid-i-regeringen,asylansøg
http://dr.dk/nyheder/politik/s-borgmesteren-har-en-forfejlet-opfattelse-af-asylcentre,asylansøg
http://dr.dk/nyheder/politik/ekspert-politik-betyder-intet-asylhop,asylansøg
http://dr.dk/nyheder/politik/konservative-er-forundret-over-asylloesning,asylansøg
http://dr.dk/nyheder/politik/minister-fortav-irakisk-aftalebrud,asylansøg
http://dr.dk/nyheder/indland/kirke-iranere-indtager-kommunens-lokaler,asylansøg
http://dr.dk/nyheder/indland/organisation-opgiver-hjaelp-til-kirke-iranere,asylansøg
http://dr.dk/nyheder/udland/asylansoegerboern-skal-have-saerbehandling,asylansøg
http://dr.dk/nyheder/indland/iranere-faar-lov-til-blive-i-kirke,asylansøg
http://dr.dk/nyheder/indland/iranere-i-kirke-skal-stoppe-sultestrejke,asylansøg
http://dr.dk/nyheder/politik/mere-end-dobbelt-saa-mange-soeger-asyl-i-danmark,asylansøg
http://dr.dk/nyheder/indland/nye-asylcentre-aabner-paa-stribe,asylansøg
http://dr.dk/nyheder/indland/presset-stiger-fortsat-paa-asylsystemet,asylansøg
http://dr.dk/nyheder/indland/20000-kr-rejse-frivilligt-hjem,asylansøg
http://dr.dk/nyheder/indland/25-indsatte-sultestrejker-i-asylfaengsel,asylansøg
http://dr.dk/nyheder/indland/sultestrejkende-iranere-faar-ny-frist,asylansøg
http://dr.dk/nyheder/indland/sultestrejkende-iranere-haaber-paa-ny-frist,asylansøg
http://dr.dk/nyheder/indland/koebenhavn-venter-med-smide-iranere-ud,asylansøg
http://dr.dk/nyheder/udland/40000-flere-soegte-om-asyl-i-eu-sidste-aar,asylansøg
http://dr.dk/nyheder/indland/domstol-stopper-tvangsudsendelser-igen,asylansøg
http://dr.dk/nyheder/udland/norsk-politi-oensker-indgreb-mod-asylsoegere,asylansøg
http://dr.dk/nyheder/politik/enhedslisten-kraever-asylloefte-holdt,asylansøg
http://dr.dk/nyheder/indland/ros-hurtigere-asylbehandling,asylansøg
http://dr.dk/nyheder/udland/juleoeen-rammes-af-tragedie-paa-havet,asylansøg
http://dr.dk/nyheder/indland/domstol-bremser-155-danske-udvisninger,asylansøg
http://dr.dk/nyheder/indland/21-aarig-er-skyldig-i-sexoverfald-ved-kirke,asylansøg
http://dr.dk/nyheder/politik/radikal-borgmester-gaar-imod-regeringens-politik,asylansøg
http://dr.dk/nyheder/indland/19-aarig-faengslet-sexoverfald,asylansøg
http://dr.dk/nyheder/kultur/roskilde-festival-er-ekstra-socialpolitisk-i-aar,asylansøg
http://dr.dk/nyheder/politik/regeringen-praesenterer-asylplan,asylansøg
http://dr.dk/nyheder/somaliske-flygtninge-i-koe-ved-graensen,asylansøg
http://dr.dk/nyheder/indland/dansk-flygtningehjaelp-dom-boer-ogsaa-gaelde-i-danmark,asylansøg
http://dr.dk/nyheder/indland/roede-kors-flygtningesager-boer-behandles-i-danmark,asylansøg
http://dr.dk/nyheder/indland/baggrund-asyl-sagen-i-belgien,asylansøg
http://dr.dk/nyheder/indland/danmark-kan-sende-afviste-tamiler-hjem,asylansøg
http://dr.dk/nyheder/indland/politiet-afviser-kritik-i-asylsag,asylansøg
http://dr.dk/nyheder/indland/domstol-bremser-endnu-34-tvangsudsendelser,asylansøg
http://dr.dk/nyheder/indland/kosovoalbaner-skyldig-i-asyldrab,asylansøg
http://dr.dk/nyheder/indland/flygtninge-returneres-igen-til-graekenland,asylansøg
http://dr.dk/nyheder/udland/menneskelig-tragedie-i-athen,asylansøg
http://dr.dk/nyheder/udland/danmark-blandt-de-lande-der-oftest-siger-ja-til-asyl,asylansøg
http://dr.dk/nyheder/indland/amnesty-send-ikke-folk-til-graekenland,asylansøg
http://dr.dk/nyheder/regionale/nordjylland/asylcenter-er-en-realitet-i-rebild,asylansøg
http://dr.dk/nyheder/indland/det-er-haardt-leve-i-uvished,asylansøg
http://dr.dk/nyheder/udland/flere-afghanere-faar-asyl-i-sverige,asylansøg
http://dr.dk/nyheder/indland/graesk-ambassade-taet-paa-humanitaer-krise,asylansøg
http://dr.dk/nyheder/indland/asylpraktik-daekker-over-ulovligt-arbejde,asylansøg
http://dr.dk/nyheder/indland/dansetyve-huserer-i-nattelivet,asylansøg
http://dr.dk/nyheder/indland/danmark-bryder-menneskerettighederne-systematisk,asylansøg
http://dr.dk/nyheder/indland/frikendt-skaffe-job-til-afviste-asylsansoegere,asylansøg
http://dr.dk/nyheder/indland/advokat-retten-i-hilleroed-er-ren-teater,asylansøg
http://dr.dk/nyheder/indland/roede-kors-graesk-asylsystem-brudt-sammen,asylansøg
http://dr.dk/nyheder/udland/norske-asylsoegere-skal-se-homofilm,asylansøg
http://dr.dk/nyheder/indland/asylbureau-doemt-i-byretten,asylansøg
http://dr.dk/nyheder/indland/politiet-undsiger-hurtigere-udvisning,asylansøg
http://dr.dk/nyheder/politik/birthe-roenn-fastholder-asylpolitik,asylansøg
http://dr.dk/nyheder/indland/et-aar-efter-rydningen-af-brorsonskirken,asylansøg
http://dr.dk/nyheder/indland/flygtninge-sendes-til-kraenkelser-i-graekenland,asylansøg
http://dr.dk/nyheder/indland/kirkeasyl-nedlaegger-sig-selv,asylansøg
http://dr.dk/nyheder/politik/fakta-saa-mange-syrere-soeger-om-asyl-i-danmark,asylansøg
http://dr.dk/nyheder/indland/udlaendingestyrelsen-stort-asylpres-lige-nu,asylansøg
http://dr.dk/nyheder/regionale/syd/boom-i-syrere-ved-graensen,asylansøg
http://dr.dk/nyheder/politik/regeringen-presser-gronlaendere,asylansøg
http://dr.dk/nyheder/indland/praesteaktion-irakere-var-ok,asylansøg
http://dr.dk/nyheder/politik/s-vil-stramme-kursen-over-afviste-asylsoegere,asylansøg
http://dr.dk/nyheder/politik/boedskov-vil-tvinge-afviste-somaliere-til-rejse,asylansøg
http://dr.dk/nyheder/politik/k-kriminelle-skal-hurtigere-smides-ud,asylansøg
http://dr.dk/nyheder/indland/derfor-er-de-danske-asylcentre-pressede,asylansøg
http://dr.dk/nyheder/indland/danmark-vil-hente-tvangsudvist-tilbage,asylansøg
http://dr.dk/nyheder/politik/df-stop-alle-asylsoegere-til-danmark,asylansøg
http://dr.dk/nyheder/politik/flygtninge-kan-ryge-ud-og-ind-af-asylcentre,asylansøg
http://dr.dk/nyheder/kultur/festivalgaester-soeger-om-asyl-og-brunch,asylansøg
http://dr.dk/nyheder/indland/roede-kors-vil-hjaelpe-graekenland,asylansøg
http://dr.dk/nyheder/politik/borgmester-i-velhaverkommune-er-rystet-over-nyt-asylcenter,asylansøg
http://dr.dk/nyheder/politik/loekke-vil-rette-op-paa-graesk-asylkaos,asylansøg
http://dr.dk/nyheder/udland/afrikanske-asylsoegere-protesterer-i-israel,asylansøg
http://dr.dk/nyheder/indland/kirkeasyl-i-byretten,asylansøg
http://dr.dk/nyheder/udland/baad-synker-paa-vej-til-australien-13-mennesker-druknet,asylansøg
http://dr.dk/nyheder/udland/den-sigtede-tre-busdrab-er-nok-syg-til-retsmoede,asylansøg
http://dr.dk/nyheder/udland/drabssigtet-buskaprer-skulle-sendes-ud-af-norge-i-dag,asylansøg
http://dr.dk/nyheder/indland/kommunen-truer-sultestrejkende-iranere,asylansøg
http://dr.dk/nyheder/politik/fakta-saadan-faar-syriske-flygtninge-lettere-asyl,asylansøg
http://dr.dk/nyheder/udland/danskere-skal-hjaelpe-torturofre-i-graekenland,asylansøg
http://dr.dk/nyheder/politik/birthe-roenn-aabner-doeren-til-asylkaos,asylansøg
http://dr.dk/nyheder/udland/106-reddet-fra-synkende-flygtningeskib,asylansøg
http://dr.dk/nyheder/udland/australsk-frygt-flere-ofre-fra-asylbaad,asylansøg
http://dr.dk/nyheder/udland/tyske-dommere-italien-daarlig-til-flygtninge,asylansøg
http://dr.dk/nyheder/indland/amnesty-krise-er-ingen-undskyldning-overgreb-paa-flygtninge,asylansøg
http://dr.dk/nyheder/indland/politiet-anholder-mand-raat-sexoverfald,asylansøg
http://dr.dk/nyheder/indland/orkanen-kraever-sit-tredje-doedsoffer,asylansøg
http://dr.dk/nyheder/indland/danmark-hjemsender-ikke-irakiske-flygtninge,asylansøg
http://dr.dk/nyheder/indland/skelet-i-tisvilde-kan-vaere-midaldrende-mand,asylansøg
http://dr.dk/nyheder/politik/boedskov-der-laves-ikke-om-paa-asylreglerne,asylansøg
http://dr.dk/nyheder/politik/regeringen-afviser-svensk-model-syriske-flygtninge,asylansøg
http://dr.dk/nyheder/politik/asylcentret-i-vollsmose-lukkes-foer-tid,asylansøg
http://dr.dk/nyheder/indland/terroranholdt-bliver-loesladt,asylansøg
http://dr.dk/nyheder/indland/mange-asylsoegere-har-ventet-i-over-ti-aar,asylansøg
http://dr.dk/nyheder/indland/oeget-asylpres-er-ikke-regeringens-skyld,asylansøg
http://dr.dk/nyheder/politik/serbien-vil-stoppe-roma-stroem-mod-danmark,asylansøg
http://dr.dk/nyheder/udland/amnesty-kritik-af-graekenland-skubber-flygtninge-tilbage-i-vandet,asylansøg
http://dr.dk/nyheder/indland/birthe-roenn-overrasket-over-manglende-asylkontrol,asylansøg
http://dr.dk/nyheder/indland/afviste-iranere-har-forladt-christiansborg,asylansøg
http://dr.dk/nyheder/indland/haervaerk-mod-integrationsministeriet,asylansøg
http://dr.dk/nyheder/politik/valg/valg2011/df-foreslaar-flere-udlaendingestramninger,asylansøg
http://dr.dk/nyheder/politik/df-justitsministeren-taler-problemerne-ned,asylansøg
http://dr.dk/nyheder/politik/df-vil-sende-flygtninge-hjem,asylansøg
http://dr.dk/nyheder/politik/danmark-vil-ikke-have-asylansoegninger-paa-distancen,asylansøg
http://dr.dk/nyheder/indland/41-anholdt-ved-protest-mod-udvisning,asylansøg
http://dr.dk/nyheder/indland/unge-udvises-efter-tvivlsom-alderstest,asylansøg
http://dr.dk/nyheder/politik/el-boedskov-maa-forklare-sig-om-udvisning-af-syge,asylansøg
http://dr.dk/nyheder/indland/efter-politiet-offentliggjorde-video-tre-maend-anholdt-groft-roeveri,asylansøg
http://dr.dk/nyheder/udland/dom-underminerer-eus-asylsystem,asylansøg
http://dr.dk/nyheder/indland/kurdere-registreres-ikke-som-statsloese,asylansøg
http://dr.dk/nyheder/indland/kristne-kan-maaske-nemmere-faa-asyl,asylansøg
http://dr.dk/nyheder/politik/birthe-roenn-beskyldes-lyve,asylansøg
http://dr.dk/nyheder/udland/illegale-invandrere-sultestrejker-i-graekenland,asylansøg
http://dr.dk/nyheder/indland/v-forstaar-politiets-spoergsmaal-til-asylboern,asylansøg
http://dr.dk/nyheder/politik/df-danmark-bliver-en-flygtningemagnet,asylansøg
http://dr.dk/nyheder/politik/regeringen-klar-til-laegge-asylbesparelser-i-graven,asylansøg
http://dr.dk/nyheder/indland/privat-klinik-behandler-illegale-indvandrere,asylansøg
http://dr.dk/nyheder/indland/iranere-skal-ud-af-stefanskirken-tirsdag,asylansøg
http://dr.dk/nyheder/politik/europaraadet-danmark-har-problemer-med-racisme,asylansøg
http://dr.dk/nyheder/udland/fakta-seks-buskapringer-i-norge-siden-1994,asylansøg
http://dr.dk/nyheder/udland/lampedusa-dykkere-finder-yderligere-83-druknede-asylsoegere,asylansøg
http://dr.dk/nyheder/indland/dom-flygtningboern-skal-ikke-straffes-falske-pas,asylansøg
http://dr.dk/nyheder/udland/oproer-i-graesk-asyllejr-over-daarlige-forhold,asylansøg
http://dr.dk/nyheder/udland/australierne-skal-stemme-til-september,asylansøg
http://dr.dk/nyheder/udland/fn-graeske-flygtningeforhold-umenneskelige,asylansøg
http://dr.dk/nyheder/indland/politiopgaver-boer-privatiseres,asylansøg
http://dr.dk/nyheder/indland/markant-flere-faar-asyl-i-danmark,asylansøg
http://dr.dk/nyheder/politik/roenn-gav-ophold-til-irakere-fra-brorsons,asylansøg
http://dr.dk/nyheder/indland/myndigheder-har-fejlregistreret-statsloese-kurdere,asylansøg
http://dr.dk/nyheder/udland/optoejer-rammer-norske-asylcentre,asylansøg
http://dr.dk/nyheder/indland/seks-maend-er-faengslet-handel-med-kokain,asylansøg
http://dr.dk/nyheder/indland/tvangsudsendelser-til-syrien-fortsat-i-bero,asylansøg
http://dr.dk/nyheder/politik/flere-udlaendinge-henter-familien-til-danmark,asylansøg
http://dr.dk/nyheder/udland/ny-fejl-afsloeret-under-buskapring-i-norge,asylansøg
http://dr.dk/nyheder/regionale/hovedstadsomraadet/politikere-savner-svar-fra-minister,asylansøg
http://dr.dk/nyheder/politik/svaerere-faa-opholdstilladelse,asylansøg
http://dr.dk/nyheder/indland/flygtninge-sendt-paa-vandrerhjem,asylansøg
http://dr.dk/nyheder/udland/moede-i-berlin-merkel-sonderede-koalition-med-de-groenne,asylansøg
http://dr.dk/nyheder/politik/kritik-af-racisme-laegger-pres-paa-regeringen,asylansøg
http://dr.dk/nyheder/indland/minister-vender-rundt-i-sag-om-asylboern,asylansøg
http://dr.dk/nyheder/politik/stoejberg-asylcenter-i-hoersholm-er-en-magtdemonstration,asylansøg
http://dr.dk/nyheder/indland/udlaending-bag-knap-hver-fjerde-indbrud,asylansøg
http://dr.dk/nyheder/udland/1600-immigranter-smidt-ud-af-graekenland,asylansøg
http://dr.dk/nyheder/indland/dom-i-sagen-om-asylbureauet,asylansøg
http://dr.dk/nyheder/politik/df-i-dialog-med-regeringen-om-irakiske-asylsogere,asylansøg
http://dr.dk/nyheder/udland/antallet-af-folk-paa-flugt-er-det-hoejeste-i-18-aar,asylansøg
http://dr.dk/nyheder/politik/enhedslisten-boernene-skal-ud-af-asylcentrene,asylansøg
http://dr.dk/nyheder/politik/jelved-kritik-af-danmark-er-berettiget,asylansøg
http://dr.dk/nyheder/indland/irakiske-tolke-kraever-flere-penge-af-danmark,asylansøg
http://dr.dk/nyheder/indland/seks-sigtes-efter-drab-i-center-sandholm,asylansøg
http://dr.dk/nyheder/udland/tredobbelt-selvmord-i-skotland,asylansøg
http://dr.dk/nyheder/kronprinsparret-i-nordjylland,asylansøg
http://dr.dk/nyheder/indland/v-vi-gaar-ikke-fri-af-oeget-flygtningepres,asylansøg
http://dr.dk/nyheder/indland/red-barnet-er-glad-flygtningedom,asylansøg
http://dr.dk/nyheder/boedskov-sydeuropas-flygtninge-kommer-ikke-nordpaa,asylansøg
http://dr.dk/nyheder/indland/flertal-i-orden-med-politiserende-praester,asylansøg
http://dr.dk/nyheder/politik/df-vil-forhandle-finanslov,asylansøg
http://dr.dk/nyheder/udland/buskapring-i-norge-drab-skete-paa-noejagtig-samme-rute-ti-aar-siden,asylansøg
http://dr.dk/nyheder/indland/38-anholdt-i-sandholmlejren,asylansøg
http://dr.dk/nyheder/kultur/aarets-nordmand-blev-udvist-nu-er-hun-tilbage,asylansøg
http://dr.dk/nyheder/indland/mor-til-fundet-doed-paa-strand,asylansøg
http://dr.dk/nyheder/udland/italien-genoptager-soegning-efter-kaentrede-baadflygtninge,asylansøg
http://dr.dk/nyheder/politik/valg/kv13/boelgerne-gaar-hoejt-i-thisted-men-ikke-i-valgkampen,asylansøg
http://dr.dk/nyheder/politik/asylaftale-forbedrer-vilkar-bornefamilier,asylansøg
http://dr.dk/nyheder/politik/valg/valg2011/nu-vil-df-diskutere-indvandring,asylansøg
http://dr.dk/nyheder/indland/22-pushere-anholdt-paa-10-dage-paa-vesterbro,asylansøg
http://dr.dk/nyheder/indland/flygtningehjaelp-lad-afghanerboern-blive-i-danmark,asylansøg
http://dr.dk/nyheder/udland/norsk-parti-gransker-sig-selv,asylansøg
http://dr.dk/nyheder/indland/aftale-med-irak-udelukker-bedre-asylaftale,asylansøg
http://dr.dk/nyheder/indland/asylrets-talsmand-afviser-styre-sultestrejke,asylansøg
http://dr.dk/nyheder/indland/terrormistaenkt-sendes-til-danmark,asylansøg
http://dr.dk/nyheder/indland/forsker-boern-er-i-undtagelsestilstand,asylansøg
http://dr.dk/nyheder/politik/redning-afghanske-tolke-paa-plads,asylansøg
http://dr.dk/nyheder/politik/analytiker-paradoksalt-netop-birthe-roenn-afhoeres,asylansøg
http://dr.dk/nyheder/indland/sjaellandske-soldater-goer-som-bono,asylansøg
http://dr.dk/nyheder/politik/ronn-vil-hjaelpe-asylborn,asylansøg
http://dr.dk/nyheder/indland/amnesty-udlaendingegebyrer-er-chikane,asylansøg
http://dr.dk/nyheder/indland/stor-flygtningestroem-rokker-ikke-ved-roenn,asylansøg
http://dr.dk/nyheder/indland/udvisning-af-iraker-er-stoppet,asylansøg
http://dr.dk/nyheder/udland/syrere-drukner-under-flugt-til-graekenland,asylansøg
http://dr.dk/nyheder/politik/psst-saadan-bliver-man-en-god-partiformand,asylansøg
http://dr.dk/nyheder/udland/ingen-klar-vinder-ved-australiens-valg,asylansøg
http://dr.dk/nyheder/indland/dansk-roede-kors-asylchef-joergen-chemnitz-stopper,asylansøg
http://dr.dk/nyheder/politik/valg/valg2011/satser-paa-modersmaalsundervisning,asylansøg
http://dr.dk/nyheder/udland/udskriver-lynvalg-i-australien,asylansøg
http://dr.dk/nyheder/indland/flere-faar-asyl-i-danmark,asylansøg
http://dr.dk/nyheder/politik/valg/valg2011/asylforslag-er-urealistisk,asylansøg
http://dr.dk/nyheder/politik/s-vi-lemper-paa-ingen-maade-asylpolitikken,asylansøg
http://dr.dk/nyheder/indland/amnesty-kritiserer-igen-danmark,asylansøg
http://dr.dk/nyheder/politik/df-er-skuffet-over-assimilations-pind,asylansøg
http://dr.dk/nyheder/politik/overblik-det-er-paa-spil-i-finanslovsforhandlingerne,asylansøg
http://dr.dk/nyheder/udland/dansk-nej-til-49-raad-om-menneskeret-fra-fn,asylansøg
http://dr.dk/nyheder/indland/roenn-vil-give-laeger-mundkurv-paa,asylansøg
http://dr.dk/nyheder/indland/seks-maend-fra-balkan-i-grundlovsforhoer,asylansøg
http://dr.dk/nyheder/udland/forsker-umuligt-standse-flygtningestroem-med-mere-kontrol,asylansøg
http://dr.dk/nyheder/indland/stjaalet-computer-sporet-til-sandholmlejren,asylansøg
http://dr.dk/nyheder/politik/tvangsudviste-remzi-kan-ikke-faa-sin-medicin,asylansøg
http://dr.dk/nyheder/indland/svaert-udvise-somalier,asylansøg
http://dr.dk/nyheder/udland/portraet-fra-ordblinde-jern-erna-til-norsk-statsminister-favorit,asylansøg
http://dr.dk/nyheder/udland/tunesien-aabner-flygtningesamarbejde,asylansøg
http://dr.dk/nyheder/politik/v-vil-granske-klinik-illegale,asylansøg
http://dr.dk/nyheder/udland/43-millioner-er-paa-flugt-i-verden,asylansøg
http://dr.dk/nyheder/politik/overblik-finansloven-indtil-nu,asylansøg
http://dr.dk/nyheder/udland/tysk-politi-jagter-hoejreekstreme-seriemordere,asylansøg
http://dr.dk/nyheder/politik/enhedslisten-saetter-medlemsrekord,asylansøg
http://dr.dk/nyheder/politik/valg/valg2011/integrationen-skal-maales,asylansøg
http://dr.dk/nyheder/politik/valg/valg2011/valget-integration-og-udlaendinge,asylansøg
http://dr.dk/nyheder/politik/valg/valg2011/radikale-vil-diskutere-udlaendinge,asylansøg
http://dr.dk/nyheder/politik/valg/valg2011/udlaendinge-tur-retur,asylansøg
http://dr.dk/nyheder/kultur/raadhuspladsens-store-debattoer-er-borte,asylansøg
http://dr.dk/nyheder/indland/kristne-og-ateister-chikaneres-i-danmark,asylansøg
http://dr.dk/nyheder/indland/terroranholdte-ville-draebe-flest-muligt,asylansøg
http://dr.dk/nyheder/politik/fakta-det-indeholder-finansloven,asylansøg
http://dr.dk/nyheder/indland/svaert-handicappet-dreng-smides-ud-af-landet,asylansøg
http://dr.dk/nyheder/indland/torturofre-mistrives-i-danmark,asylansøg
http://dr.dk/nyheder/udland/rapport-romaer-ofre-omfattende-diskrimination-i-europa,asylansøg
http://dr.dk/nyheder/politik/df-advarer-mod-ny-alliance,asylansøg
http://dr.dk/nyheder/politik/khader-vesselbo-var-pa-vej,asylansøg
http://dr.dk/nyheder/politik/forstaa-udlaendingeaftalen-paa-5-minutter,asylansøg
http://dr.dk/nyheder/politik/det-er-faldet-paa-plads-i-finansloven,asylansøg
http://dr.dk/nyheder/politik/valg/valg2011/vi-staar-sammen,asylansøg
http://dr.dk/nyheder/udland/eu-aabner-graensekontrol,asylansøg
http://dr.dk/nyheder/udland/usa-goer-sunde-immigranter-syge,immigrant
http://dr.dk/nyheder/kultur/film/guide-til-guldpalmen-immigrant,immigrant
http://dr.dk/nyheder/udland/usa-vil-udvise-faerre-immigranter,immigrant
http://dr.dk/nyheder/udland/gaddafi-tvang-immigranter-i-krig,immigrant
http://dr.dk/nyheder/udland/video-immigrant-risikerer-livet-komme-til-spanien,immigrant
http://dr.dk/nyheder/udland/briterne-goer-klar-til-euro-immigranter,immigrant
http://dr.dk/nyheder/udland/21-illegale-immigranter-er-fundet-druknet-ud-lesbos,immigrant
http://dr.dk/nyheder/udland/vm-i-qatar-vil-koste-4000-menneskeliv,immigrant
http://dr.dk/nyheder/udland/klimaaendringer-faar-immigranter-til-soege-mod-nord,immigrant
http://dr.dk/nyheder/udland/illegale-immigranter-overfaldes-i-arizona,immigrant
http://dr.dk/nyheder/udland/mindst-40-draebt-af-eksplosion-i-libyen,immigrant
http://dr.dk/nyheder/udland/video-russiske-nationalister-angriber-supermarked-efter-knivdrab,immigrant
http://dr.dk/nyheder/udland/dbu-vi-kan-ikke-udtale-os-om-slaveforhold,immigrant
http://dr.dk/nyheder/kultur/kulturklubber/ung-forfatter-vi-ser-alt-overfladisk-paa-hinandens-kultur,immigrant
http://dr.dk/nyheder/indland/kloge-udlaendinge-bliver-overset,immigrant
http://dr.dk/nyheder/udland/skibbrudne-flygtninge-reddet-ved-malta,immigrant
http://dr.dk/nyheder/udland/stater-vil-begraense-usas-immigration,immigrant
http://dr.dk/nyheder/udland/borgmester-draebt-i-mexicansk-narkokrig,immigrant
http://dr.dk/nyheder/udland/eu-skal-bevogte-graesk-tyrkisk-graense,immigrant
http://dr.dk/nyheder/udland/usa-politi-anholder-47-menneskesmuglere,immigrant
http://dr.dk/nyheder/udland/betjente-forsvundet-under-drabssag-i-mexico,immigrant
http://dr.dk/nyheder/udland/godstog-afsporet-i-mexico-flere-doede-og-kvaestede,immigrant
http://dr.dk/nyheder/udland/russiske-nationalister-jager-drabsmand-i-selvtaegt,immigrant
http://dr.dk/nyheder/udland/baadulykke-skaber-fokus-paa-flygtningeproblem,immigrant
http://dr.dk/nyheder/udland/italien-flager-paa-halv-300-baadflygtninge,immigrant
http://dr.dk/nyheder/udland/menneskelast-til-19-millioner,immigrant
http://dr.dk/nyheder/udland/graesk-kystvagt-anholder-78-syriske-flygtninge-paa-rhodos,immigrant
http://dr.dk/nyheder/udland/mindst-12-baadflygtninge-er-druknet-ud-egypten,immigrant
http://dr.dk/nyheder/udland/usa-deporterede-400000-i-2009,immigrant
http://dr.dk/sporten/fodbold/italiensk-super-cup-maaske-i-udlandet,immigrant
http://dr.dk/nyheder/kultur/musik/legendarisk-klavermager-solgt-29-milliarder,immigrant
http://dr.dk/nyheder/udland/arnold-vil-betale-mexico-faengsler,immigrant
http://dr.dk/nyheder/udland/nationalister-faar-medvind-ved-britisk-lokalvalg,immigrant
http://dr.dk/nyheder/udland/graesk-politi-griber-ind-over-racistisk-aktion,immigrant
http://dr.dk/nyheder/udland/eu-landes-mistillid-truer-schengen-aftale,immigrant
http://dr.dk/nyheder/udland/libyen-lukker-graensen-til-flere-nabolande,immigrant
http://dr.dk/nyheder/udland/graeske-hoejreekstremister-demonstrerer-i-athen,immigrant
http://dr.dk/nyheder/udland/cameron-varsler-opgoer-med-menneskeretskonvention,immigrant
http://dr.dk/nyheder/udland/merkel-multikulturelt-tysk-samfund-har-fejlet,immigrant
http://dr.dk/nyheder/udland/kvinde-forlod-sine-boern-og-blev-oproerer-i-syrien,immigrant
http://dr.dk/nyheder/udland/romney-presser-gingrich-i-afgoerende-debat,immigrant
http://dr.dk/nyheder/udland/25-draebt-i-mexicanske-narkostridigheder,immigrant
http://dr.dk/nyheder/kultur/film/guide-til-guldpalmen-heli,immigrant
http://dr.dk/nyheder/udland/britiske-nationalister-giver-cameron-kloe,immigrant
http://dr.dk/nyheder/kultur/film/stor-guide-de-dyster-om-palmerne-i-cannes,immigrant
http://dr.dk/nyheder/udland/hoejspaendt-valgdrama-i-venezuela-gaar-i-gang,immigrant
http://dr.dk/nyheder/udland/obama-immigration-virker-ikke,immigrant
http://dr.dk/nyheder/udland/analyse-graensevagternes-fald,immigrant
http://dr.dk/nyheder/udland/afrikanske-flygtninge-var-hjaelpeloese-paa-vej-mod-europa,immigrant
http://dr.dk/nyheder/politik/valg/valg2011/gucci-helle-har-vundet-paa-forhaand,immigrant
http://dr.dk/nyheder/udland/selvudraabt-producent-af-islam-film-fortryder-intet,immigrant
http://dr.dk/nyheder/udland/stadig-dansk-efter-mere-end-100-aar-i-usa,immigrant
http://dr.dk/nyheder/udland/afvist-af-new-zealand-du-er-fed,immigrant
http://dr.dk/nyheder/udland/spaniens-unge-soeger-lykken-i-gamle-kolonier,immigrant
http://dr.dk/nyheder/udland/usas-regering-vil-stoppe-immigrationslov,immigrant
http://dr.dk/nyheder/udland/legende-i-det-hvide-hus-stopper,immigrant
http://dr.dk/nyheder/udland/flere-hundrede-tusinde-soeger-lykken-illegalt-i-saudi-arabien,immigrant
http://dr.dk/nyheder/udland/i-ly-af-krisen-hoejrenationalismen-breder-sig-i-europa,immigrant
http://dr.dk/nyheder/kultur/kulturklubber/maanedens-roman-i-august-er-russeren-er-en-der-elsker-birketraeer,immigrant
http://dr.dk/nyheder/udland/en-uforsonlig-mand-der-aldrig-gav-op,immigrant
http://dr.dk/nyheder/penge/i-udlandet-kan-de-rige-koebe-sig-til-opholdstilladelse,immigrant
http://dr.dk/nyheder/udland/rester-af-beroemt-tango-cafe-fundet,immigrant
http://dr.dk/sporten/fodbold/championsleague/held-og-lykke-med-stoppe-ham-her-jores,immigrant
http://dr.dk/nyheder/udland/marine-le-pen-datteren,immigrant
http://dr.dk/nyheder/viden/tech/laes-paa-universitetet-med-din-smartphone,immigrant
http://dr.dk/nyheder/udland/gaddafi-forgifter-drikkevandet-naer-tripoli,immigrant
http://dr.dk/nyheder/udland/psykisk-ustabil-og-bevaebnet,immigrant
http://dr.dk/nyheder/kultur/kulturklubber/olga-grjasnowa-svarer-paa-dr-romanklubbens-spoergsmaal,immigrant
http://dr.dk/nyheder/kultur/kulturklubber/om-russere-der-elsker-birketraeer-mussolini-og-danskhed,immigrant
http://dr.dk/nyheder/udland/broes-loesladelse-minut-minut,immigrant
http://dr.dk/nyheder/kultur/kulturklubber/christina-vorre-slaegten,immigrant
http://dr.dk/nyheder/udland/opposition-italien-er-ikke-et-demokrati,immigrant
http://dr.dk/nyheder/udland/laes-hele-obamas-tale-paa-dansk,immigrant
http://dr.dk/nyheder/regionale/nordjylland/flere-flygtninge-til-aalborg,flygtning
http://dr.dk/nyheder/udland/syriske-flygtninge-stroemmer-til-sverige,flygtning
http://dr.dk/nyheder/regionale/nordjylland/integration-af-flygtninge-i-fare,flygtning
http://dr.dk/nyheder/regionale/trekanten/mange-syriske-flygtninge-i-jelling,flygtning
http://dr.dk/nyheder/regionale/nordjylland/frivillig-flygtninge-fordeling-i-fare,flygtning
http://dr.dk/nyheder/regionale/syd/faa-flygtninge-kommer-til-billund,flygtning
http://dr.dk/nyheder/regionale/oestjylland/flere-flygtninge-skal-sendes-hjem,flygtning
http://dr.dk/nyheder/udland/syrien-kulde-rammer-flygtninge-haardt,flygtning
http://dr.dk/nyheder/udland/frostgrader-og-sne-rammer-syriske-flygtninge,flygtning
http://dr.dk/nyheder/udland/flygtninge-fra-syrien-uden-gas-i-frostgrader,flygtning
http://dr.dk/nyheder/regionale/oestjylland/bedre-tilbud-til-flygtninge-paa-vej-hjem,flygtning
http://dr.dk/nyheder/indland/syriske-flygtninge-paa-vej-til-danmark-anholdt,flygtning
http://dr.dk/nyheder/politik/sf-er-glad-flere-syriske-flygtninge,flygtning
http://dr.dk/nyheder/udland/danske-millioner-til-syriske-flygtninge-0,flygtning
http://dr.dk/nyheder/udland/video-syriske-flygtninge-massetransporteres-i-store-lastbiler,flygtning
http://dr.dk/nyheder/udland/tusindvis-af-flygtninge-stroemmer-fra-syrien,flygtning
http://dr.dk/nyheder/indland/video-kronprinsessen-og-minister-besoeger-syriske-flygtninge,flygtning
http://dr.dk/nyheder/billedserie-221-overlevende-flygtninge-kommer-i-land,flygtning
http://dr.dk/nyheder/udland/38-haitiske-flygtninge-er-druknet,flygtning
http://dr.dk/nyheder/indland/rejsepenge-sender-flygtninge-hjem,flygtning
http://dr.dk/nyheder/udland/fn-en-million-syriske-flygtninge-naeste-aar,flygtning
http://dr.dk/nyheder/udland/somalia-55-flygtninge-er-druknet-ellers-savnes,flygtning
http://dr.dk/nyheder/udland/video-tusindvis-af-syriske-flygtninge-ryster-af-kulde,flygtning
http://dr.dk/nyheder/udland/80-flygtninge-frygtes-druknet,flygtning
http://dr.dk/nyheder/politik/regeringen-overvejer-aendring-paa-kritiseret-kvotesystem-flygtninge,flygtning
http://dr.dk/nyheder/udland/desperate-syriske-flygtninge-saelger-deres-nyrer-og-oejne,flygtning
http://dr.dk/nyheder/udland/al-qaeda-rekrutterer-somalias-flygtninge,flygtning
http://dr.dk/nyheder/indland/danskere-gav-125-millioner-til-flygtninge,flygtning
http://dr.dk/nyheder/indland/flygtninge-uden-boernecheck-kan-stride-mod-grundloven,flygtning
http://dr.dk/nyheder/udland/eu-lad-syriske-flygtninge-blive-i-libanon,flygtning
http://dr.dk/nyheder/indland/flere-aeldre-flygtninge-vender-hjem,flygtning
http://dr.dk/nyheder/udland/flygtning-faar-unikt-statsborgerskab,flygtning
http://dr.dk/nyheder/billedserie-syriske-flygtninge-gaar-en-kold-vinter-i-moede,flygtning
http://dr.dk/nyheder/udland/irak-aabner-graensen-syriske-flygtninge,flygtning
http://dr.dk/nyheder/indland/hver-femte-flygtning-udelukkes,flygtning
http://dr.dk/nyheder/indland/syriske-flygtninge-kan-vente-faa-asyl-i-danmark,flygtning
http://dr.dk/nyheder/udland/libyske-flygtninge-lider-i-egypten,flygtning
http://dr.dk/nyheder/politik/haekkerup-sniger-flygtninge-forslag-bag-om-sf-og-r,flygtning
http://dr.dk/nyheder/udland/tyrkiet-fn-maa-hjaelpe-flygtninge-i-syrien,flygtning
http://dr.dk/nyheder/politik/splid-i-regeringen-over-boernecheck-til-flygtninge,flygtning
http://dr.dk/nyheder/udland/syriske-flygtninge-stroemmer-til-tyrkiet,flygtning
http://dr.dk/nyheder/udland/tyrkiet-beder-om-hjaelp-med-flygtninge,flygtning
http://dr.dk/nyheder/udland/usas-militaerfly-skal-hente-flygtninge,flygtning
http://dr.dk/nyheder/kultur/kulturklubber/en-flygtning-og-en-bonde-kom-til-humlebaek,flygtning
http://dr.dk/nyheder/udland/hoejeste-antal-flygtninge-i-verden-siden-krigene-paa-balkan,flygtning
http://dr.dk/nyheder/indland/flere-flygtninge-rejser-frivilligt-hjem,flygtning
http://dr.dk/nyheder/udland/fakta-saa-mange-flygtninge-er-omkommet-paa-vej-til-italien,flygtning
http://dr.dk/nyheder/billedserie-angelina-jolie-besoeger-flygtninge-lejr,flygtning
http://dr.dk/nyheder/indland/flygtninge-fylder-i-fattigdomsstatistik,flygtning
http://dr.dk/nyheder/udland/fn-advarer-europa-om-syriske-flygtninge,flygtning
http://dr.dk/nyheder/indland/flere-flygtninge-hertil-i-2011,flygtning
http://dr.dk/nyheder/politik/df-kraever-fast-laegetjek-af-flygtninge,flygtning
http://dr.dk/nyheder/udland/fn-frygter-tre-millioner-flygtninge-fra-syrien-i-2013,flygtning
http://dr.dk/nyheder/udland/flygtninge-stroemmer-fortsat-ud-af-syrien,flygtning
http://dr.dk/nyheder/indland/12-millioner-samlet-ind-til-flygtninge,flygtning
http://dr.dk/nyheder/udland/100000-flygtninge-i-darfur-faar-hjaelp-fra-fn,flygtning
http://dr.dk/nyheder/udland/fogh-nato-skjuler-intet-om-doede-flygtninge,flygtning
http://dr.dk/nyheder/udland/danmark-giver-100-millioner-til-flygtninge-i-sydsudan,flygtning
http://dr.dk/nyheder/indland/flere-flygtninge-tager-frivilligt-hjem,flygtning
http://dr.dk/nyheder/politik/flygtninge-stadig-retur-til-graekenland,flygtning
http://dr.dk/nyheder/udland/flygtninge-rejser-ikke-hjem-igen,flygtning
http://dr.dk/nyheder/udland/gaza-flygtning-udloeser-jubel-efter-sejr-i-talentshow,flygtning
http://dr.dk/nyheder/udland/flygtninge-fra-homs-fortaeller-grusomme-historier,flygtning
http://dr.dk/nyheder/indland/flygtninge-faar-ikke-automatisk-et-sundhedstjek,flygtning
http://dr.dk/nyheder/politik/df-afviser-tage-andre-landes-flygtninge,flygtning
http://dr.dk/nyheder/udland/760-flygtninge-til-italien-paa-en-baad,flygtning
http://dr.dk/nyheder/udland/novo-nordisk-donerer-fem-millioner-til-syge-flygtninge,flygtning
http://dr.dk/nyheder/indland/flygtning-tiltales-folkedrab-i-rwanda,flygtning
http://dr.dk/nyheder/udland/fremgang-i-congo-faar-flygtninge-hjem,flygtning
http://dr.dk/nyheder/politik/s-aabner-op-omfordeling-af-flygtninge,flygtning
http://dr.dk/nyheder/udland/flygtninge-skyld-i-ildkamp-mellem-syrien-og-jordan,flygtning
http://dr.dk/nyheder/indland/studerende-samler-ind-til-flygtninge-i-tunesien,flygtning
http://dr.dk/nyheder/udland/48-flygtninge-doede-ud-australiens-kyst,flygtning
http://dr.dk/nyheder/politik/kritik-af-nye-pensionskrav-til-flygtninge,flygtning
http://dr.dk/nyheder/politik/danske-politikere-efter-forlis-vi-skal-ikke-tage-imod-flere-flygtninge,flygtning
http://dr.dk/nyheder/udland/appel-fra-angelina-jolie-hjaelp-de-syriske-flygtninge,flygtning
http://dr.dk/nyheder/udland/eu-kommissaer-vil-ikke-omfordele-flygtninge,flygtning
http://dr.dk/nyheder/udland/tyskland-italien-maa-selv-klare-flygtninge,flygtning
http://dr.dk/nyheder/udland/roede-kors-venter-paa-flygtninge-i-tunesien,flygtning
http://dr.dk/nyheder/indland/ekspert-stop-flygtninge-batter-ikke,flygtning
http://dr.dk/nyheder/indland/flygtning-jeg-vil-ikke-til-graekenland,flygtning
http://dr.dk/nyheder/politik/df-vil-skaere-i-pension-til-flygtninge,flygtning
http://dr.dk/nyheder/indland/syge-flygtninge-maa-stadig-vente-paa-hjaelp,flygtning
http://dr.dk/nyheder/udland/1300-nye-flygtninge-til-italien-paa-et-doegn,flygtning
http://dr.dk/nyheder/politik/s-og-v-vi-skal-hjaelpe-med-flygtninge,flygtning
http://dr.dk/nyheder/udland/svensk-bonus-til-flittige-flygtninge,flygtning
http://dr.dk/nyheder/udland/flygtninge-gaddafi-faar-vaaben-og-soldater-fra-algeriet,flygtning
http://dr.dk/nyheder/regionale/trekanten/leg-hjaelper-born-med-traumer,flygtning
http://dr.dk/nyheder/regionale/nordjylland/spoergsmaal-til-ministre-i-flygtningesagen,flygtning
http://dr.dk/nyheder/udland/graesk-kystvagt-slaeber-flygtningeskibe-tilbage-i-tyrkisk-farvand,flygtning
http://dr.dk/nyheder/udland/video-kronprinsesse-mary-om-syrien-en-af-de-store-katastrofer-i-vor-tid,flygtning
http://dr.dk/nyheder/politik/nye-regler-kvoteflygtninge-er-paa-vej,flygtning
http://dr.dk/nyheder/udland/syrien-fn-efterspoerger-gigantisk-beloeb,flygtning
http://dr.dk/nyheder/udland/tyrkiet-smider-600-syrere-ud-af-flygtningelejr,flygtning
http://dr.dk/nyheder/politik/soevndal-grusomheder-i-syrien-skal-straffes,flygtning
http://dr.dk/nyheder/indland/dansk-flygtningehjaelp-kaaret-til-verdens-bedste,flygtning
http://dr.dk/nyheder/udland/overblik-den-blodige-vold-spreder-sig-i-sydsudan-risiko-borgerkrig,flygtning
http://dr.dk/nyheder/udland/800-baadflygtninge-reddet-op-af-vandet-ved-italien,flygtning
http://dr.dk/nyheder/udland/ligene-af-naesten-50-boern-fundet-i-sahara,flygtning
http://dr.dk/nyheder/udland/over-100000-syrere-er-flygtet-til-tyrkiet,flygtning
http://dr.dk/nyheder/udland/gaza-palaestinensere-raser-mod-abbas,flygtning
http://dr.dk/nyheder/udland/fn-slaar-alarm-over-racistisk-vold-i-graekenland,flygtning
http://dr.dk/nyheder/udland/flere-nordkoreanske-afhoppere-kommer-ulovligt-til-europa,flygtning
http://dr.dk/nyheder/udland/syrien-fn-advarer-om-vaerste-humanitaere-krise-nogensinde,flygtning
http://dr.dk/nyheder/indland/flere-indvandrere-vil-vaere-gamle-i-hjemlandet,flygtning
http://dr.dk/nyheder/udland/20000-syrere-er-flygtet-til-jordan-paa-en-uge,flygtning
http://dr.dk/nyheder/udland/tusindvis-af-syrere-flygter-til-jordan,flygtning
http://dr.dk/nyheder/udland/flygtningehjaelp-folk-sover-paa-vejene-i-syrien,flygtning
http://dr.dk/nyheder/indland/romaer-presser-danske-asylcentre,flygtning
http://dr.dk/nyheder/udland/militser-rekrutterer-i-flygtningelejr,flygtning
http://dr.dk/nyheder/udland/fn-mere-end-276000-syrere-er-flygtet,flygtning
http://dr.dk/nyheder/udland/baadflygtninge-reddet-efter-kaentring,flygtning
http://dr.dk/nyheder/billedserie-det-lukkede-syrien,flygtning
http://dr.dk/nyheder/udland/270-savnes-efter-forlis-i-middelhavet,flygtning
http://dr.dk/nyheder/udland/flygtningeboern-uden-sko-i-frostvejr,flygtning
http://dr.dk/nyheder/indland/laeger-betaling-tolk-kan-koste-liv,flygtning
http://dr.dk/nyheder/udland/massiv-folkevandring-i-gang-i-mali,flygtning
http://dr.dk/nyheder/udland/flygtningeskib-forlist-ud-java,flygtning
http://dr.dk/nyheder/udland/tamilsk-flygtningeskib-eskorteret-i-canadisk-havn,flygtning
http://dr.dk/nyheder/politik/regeringen-vil-afskaffe-omstridt-tolkegebyr,flygtning
http://dr.dk/nyheder/politik/venstre-freder-tolkebistand,flygtning
http://dr.dk/nyheder/indland/frustreret-jeg-kunne-hoere-bomberne,flygtning
http://dr.dk/nyheder/indland/jeg-taler-7-sprog-men-danmark-vil-ikke-have-mig,flygtning
http://dr.dk/nyheder/udland/hundredtusinder-flygter-fra-congo,flygtning
http://dr.dk/nyheder/udland/75-omkommet-da-flygtningskib-kaentrede,flygtning
http://dr.dk/nyheder/udland/afghanistan-naegter-noedhjaelp-til-folket,flygtning
http://dr.dk/nyheder/udland/hvad-sker-der-i-et-lukket-syrien,flygtning
http://dr.dk/nyheder/udland/fn-bekymret-over-pointsystem,flygtning
http://dr.dk/nyheder/politik/kl-svaert-finde-nye-boliger,flygtning
http://dr.dk/nyheder/indland/rwander-faengslet-massakre-paa-tutsier,flygtning
http://dr.dk/nyheder/udland/kriseramte-europaeere-flygter-ud-i-verden,flygtning
http://dr.dk/nyheder/indland/u-landspenge-bruges-til-boliger,flygtning
http://dr.dk/nyheder/indland/stramninger-giver-flere-illegale-indvandrere,flygtning
http://dr.dk/nyheder/indland/nye-deltagere-paa-kristne-staevner,flygtning
http://dr.dk/nyheder/udland/kystvagt-finder-25-lig-paa-flygtningeskib,flygtning
http://dr.dk/nyheder/udland/krig-i-libyen-truer-stabilitet-i-naboland,flygtning
http://dr.dk/nyheder/udland/mange-doede-paa-flygtningskib,flygtning
http://dr.dk/nyheder/udland/krisemoede-mellem-syrien-og-tyrkiet,flygtning
http://dr.dk/nyheder/kultur/flygtningemuseum-skal-aabne-i-vestjylland,flygtning
http://dr.dk/nyheder/udland/flygtningeskib-med-200-gaaet-ned,flygtning
http://dr.dk/nyheder/politik/danmark-siger-nej-til-flygtningekvoter,flygtning
http://dr.dk/nyheder/politik/s-savner-boligtilbud-uden-ghettoer,flygtning
http://dr.dk/nyheder/udland/mange-hundrede-tamiler-soeger-asyl-i-canada,flygtning
http://dr.dk/nyheder/udland/nu-maa-palaestinensere-arbejde-i-libanon,flygtning
http://dr.dk/nyheder/indland/regeringen-vil-stoppe-tilgang-til-ghettoer,flygtning
http://dr.dk/nyheder/indland/haard-kritik-af-eus-flygtningepolitik,flygtning
http://dr.dk/nyheder/indland/flygtningeboern-kan-ikke-soege-asyl,flygtning
http://dr.dk/nyheder/indland/uklar-udlaendingeaftale-skal-aendres,flygtning
http://dr.dk/nyheder/udland/oproerere-blokerer-foedevarehjaelp-i-somalia,flygtning
http://dr.dk/nyheder/indland/vellykket-indsamling-til-flygtningearbejde,flygtning
http://dr.dk/nyheder/politik/aktive-indvandrere-faar-hurtigere-opholdstilladelse,flygtning
http://dr.dk/nyheder/udland/medier-mindst-50-doede-efter-skibbrud-ved-italien,flygtning
http://dr.dk/nyheder/udland/flygtningeskib-ligger-stadig-ud-mauretanien,flygtning
http://dr.dk/nyheder/politik/regeringen-klar-med-ny-plan-integrationen,flygtning
http://dr.dk/nyheder/udland/fn-syriens-nabolande-har-behov-massiv-hjaelp,flygtning
http://dr.dk/nyheder/viden/vinterstorm-i-mellemoesten,flygtning
http://dr.dk/nyheder/udland/bulgarien-bygger-mur-standse-flygtningestroem,flygtning
http://dr.dk/nyheder/udland/roede-kors-syrere-flygter-til-irak-fordi-de-er-desperate,flygtning
http://dr.dk/nyheder/udland/fn-en-million-mennesker-er-flygtet-fra-krigen-i-syrien,flygtning
http://dr.dk/nyheder/politik/valg/kv13/dansk-flygtningehjaelp-mangler-fynske-indsamlere,flygtning
http://dr.dk/nyheder/udland/video-300-baadflygtninge-reddet-ud-fra-siciliens-kyst,flygtning
http://dr.dk/nyheder/udland/1000-syrere-flygter-til-tyrkiet-paa-24-timer,flygtning
http://dr.dk/nyheder/indland/bortfort-iraker-losladt,flygtning
http://dr.dk/nyheder/indland/kirkeminister-praestens-mening-ikke-vigtigere-end-gronthandlerens,flygtning
http://dr.dk/nyheder/udland/fn-200000-syrere-vil-flygte-til-tyrkiet,flygtning
http://dr.dk/nyheder/udland/tyskland-sender-baadflygtninge-tilbage-til-italien,flygtning
http://dr.dk/nyheder/billedserie-kom-med-kronprinsesse-mary-paa-besoeg-i-malaysia,flygtning
http://dr.dk/nyheder/udland/en-halv-million-mennesker-er-flygtet-fra-syrien,flygtning
http://dr.dk/nyheder/udland/dansker-i-syrien-her-vokser-den-menneskelige-katastrofe-hver-dag,flygtning
http://dr.dk/nyheder/udland/en-halv-million-fordrevet-fra-syrien,flygtning
http://dr.dk/nyheder/udland/menneskesmugler-til-dr-jeg-tjener-godt-paa-syrien,flygtning
http://dr.dk/nyheder/udland/libyere-flygter-stadig,flygtning
http://dr.dk/nyheder/udland/ny-boelge-af-syrere-flygter-til-tyrkiet,flygtning
http://dr.dk/nyheder/udland/video-dr-i-filippinerne-svaert-flygte-fra-kaos,flygtning
http://dr.dk/nyheder/udland/oeboer-flygter-fra-klimaforandringer,flygtning
http://dr.dk/nyheder/indland/din-mening-hvorfor-har-du-ikke-givet-penge-til-syrien,flygtning
http://dr.dk/nyheder/udland/seks-illegale-indvandrere-drukner-paa-populaer-strand,flygtning
http://dr.dk/nyheder/indland/df-forslag-kraever-brud-med-konventioner,flygtning
http://dr.dk/nyheder/udland/italiens-flaade-vi-har-reddet-over-200-baadflygtninge,flygtning
http://dr.dk/nyheder/udland/over-60000-er-paa-flugt-fra-kampe-i-drcongo,flygtning
http://dr.dk/nyheder/udland/red-barnet-en-million-syrere-vil-vaere-paa-flugt-i-marts,flygtning
http://dr.dk/nyheder/indland/unhcrs-strategi-i-afghanistan-slog-fejl,flygtning
http://dr.dk/nyheder/billedserie-syrere-paa-flugt-livet-i-en-flygtningelejr,flygtning
http://dr.dk/nyheder/udland/syriens-boern-har-ikke-vaeret-i-skole-i-aar,flygtning
http://dr.dk/nyheder/udland/frygt-flygtningestroem-presser-eu,flygtning
http://dr.dk/nyheder/udland/libanon-beskyder-syriske-helikoptere,flygtning
http://dr.dk/nyheder/politik/valg/kv13/islamkritiker-opgiver-regionsraadsvalget,flygtning
http://dr.dk/nyheder/billedserie-italien-mindes-ofre-skibbrud,flygtning
http://dr.dk/nyheder/udland/kanonbaade-beskyder-havneby-i-syrien,flygtning
http://dr.dk/nyheder/indland/skaarup-vi-bliver-oversvoemmet,flygtning
http://dr.dk/nyheder/udland/somalia-ti-draebt-i-flygtningelejr,flygtning
http://dr.dk/nyheder/billedserie-berlinmuren-mindes-efter-51-aar,flygtning
http://dr.dk/nyheder/udland/sydsudan-og-sudan-faar-nye-millioner-fra-danmark,flygtning
http://dr.dk/nyheder/udland/tyrkiet-lukker-graenseposter-til-syrien,flygtning
http://dr.dk/nyheder/udland/fn-advarer-ni-millioner-syrere-har-brug-noedhjaelp,flygtning
http://dr.dk/nyheder/politik/pind-europa-kommissaer-er-en-idiot,flygtning
http://dr.dk/nyheder/indland/hojesteret-blastempler-starthjaelp,flygtning
http://dr.dk/nyheder/indland/klar-til-jagt-paa-syriske-krigsforbrydere,flygtning
http://dr.dk/nyheder/kultur/medier/medier-skriver-mindre-om-indvandrere-og-mere-om-finanskrise,flygtning
http://dr.dk/nyheder/indland/flygtningehjaelp-indsamler-145-mio,flygtning
http://dr.dk/nyheder/udland/hver-femte-svensker-har-indvandrerbaggrund,flygtning
http://dr.dk/nyheder/udland/syrisk-tv-haeren-har-kontrol-over-graensebyen-qusair,flygtning
http://dr.dk/nyheder/udland/baadflygtninge-returneret-til-haiti,flygtning
http://dr.dk/nyheder/udland/11000-er-flygtet-fra-syrien-paa-24-timer,flygtning
http://dr.dk/nyheder/indland/mange-syrere-tager-flugten-til-danmark,flygtning
http://dr.dk/nyheder/udland/flammehav-i-flygtningelejr-draeber-42-mennesker,flygtning
http://dr.dk/nyheder/regionale/midtvest/flygtningeboern-mangler-voksne-som-kan-hjaelpe,flygtning
http://dr.dk/nyheder/indland/efterskoler-hitter-hos-indvandrere,flygtning
http://dr.dk/nyheder/udland/paven-bruger-sit-foerste-julebudskab-til-appel-om-fred,flygtning
http://dr.dk/nyheder/udland/oversvoemmelser-draeber-tre-i-graesk-ferieparadis,flygtning
http://dr.dk/nyheder/indland/organisationer-folk-er-ligeglade-med-syrien,flygtning
http://dr.dk/nyheder/politik/danmark-giver-30-mio-kroner-til-syrien,flygtning
http://dr.dk/nyheder/udland/assad-militaeret-skal-bruge-mere-tid,flygtning
http://dr.dk/nyheder/regionale/bornholm/flygtningehjaelp-har-brug-hjaelp,flygtning
http://dr.dk/nyheder/udland/syriske-kvinder-udsaettes-overgreb-i-libanon,flygtning
http://dr.dk/nyheder/udland/fn-advarer-700000-vil-flygte-fra-kampene-i-mali,flygtning
http://dr.dk/nyheder/udland/42000-flygtet-fra-libyen-paa-fire-uger,flygtning
http://dr.dk/nyheder/indland/nydanske-unge-er-bedst-til-tale-aarhusiansk,flygtning
http://dr.dk/nyheder/udland/ny-flygtningeboelge-paa-vej-ud-af-libyen,flygtning
http://dr.dk/nyheder/udland/mange-savnes-efter-forlis-ved-australien,flygtning
http://dr.dk/nyheder/regionale/nordjylland/koelig-velkomst-til-islam-kritisk-liste,flygtning
http://dr.dk/nyheder/regionale/nordjylland/islam-kritisk-liste-stiller-op-til-valg,flygtning
http://dr.dk/nyheder/politik/valg/kv13/siad-stiller-op-i-jammerbugt,flygtning
http://dr.dk/nyheder/udland/tusinder-paa-flugt-fra-kampe-i-libyen,flygtning
http://dr.dk/nyheder/udland/video-danskere-derfor-sender-vi-ikke-hjaelp-til-syrien,flygtning
http://dr.dk/nyheder/indland/en-stroem-af-sagsbehandlere-hjaelper-svage-borgere,flygtning
http://dr.dk/nyheder/udland/tyrkiet-overvejer-nato-beskyttelse-mod-syrien,flygtning
http://dr.dk/nyheder/udland/tyrkiet-goer-gengaeld-efter-syriske-angreb,flygtning
http://dr.dk/nyheder/udland/aleppo-ryster-i-syriens-hidtil-haardeste-kampe,flygtning
http://dr.dk/nyheder/udland/spanske-hjaelpearbejdere-er-befriet-i-somalia,flygtning
http://dr.dk/nyheder/udland/pres-paa-elfenbenskystens-praesident,flygtning
http://dr.dk/nyheder/udland/kreml-snowden-sag-skader-ikke-vort-forhold-til-usa,flygtning
http://dr.dk/nyheder/indland/rapport-indvandrere-misforstaas-og-fejlbehandles,flygtning
http://dr.dk/nyheder/indland/indvandring-fordoblet-under-v-og-k,flygtning
http://dr.dk/nyheder/politik/radikale-vi-bor-tage-imod-badflygtninge-fra-afrika,flygtning
http://dr.dk/nyheder/udland/toaarsdag-revolutionen-i-syrien-det-er-blevet-en-udmattelseskamp,flygtning
http://dr.dk/nyheder/udland/schweizerne-stoetter-stramning-af-asyllov,flygtning
http://dr.dk/nyheder/udland/syriske-soldater-indtager-sidste-oproerstilling-taet-ved-qusair,flygtning
http://dr.dk/nyheder/politik/df-faar-indfoert-optjeningsprincip,flygtning
http://dr.dk/nyheder/politik/ny-aftale-kravene-lempes-til-dansk-statsborgerskab,flygtning
http://dr.dk/nyheder/udland/palaestinensere-markerer-aarsdag-fordrivelse,flygtning
http://dr.dk/nyheder/udland/syriske-aktivister-verden-har-glemt-os,flygtning
http://dr.dk/nyheder/politik/vedtaget-socialpakke-paa-11-milliarder-kroner,flygtning
http://dr.dk/nyheder/udland/bilbombe-draeber-11-i-pakistan,flygtning
http://dr.dk/nyheder/hungersnoed-i-somalia,flygtning
http://dr.dk/nyheder/politik/df-vil-af-med-kvoteflygtninge,flygtning
http://dr.dk/nyheder/udland/oproerere-over-300-draebt-paa-en-dag-i-syrien,flygtning
http://dr.dk/nyheder/udland/47-illegale-indvandrere-doer-i-skibsulykke,flygtning
http://dr.dk/nyheder/udland/roede-kors-om-pirater-paa-land-vi-har-trukket-os,flygtning
http://dr.dk/nyheder/udland/syrien-ingen-af-parterne-vil-give-sig,flygtning
http://dr.dk/nyheder/indland/vollsmose-sender-varmt-toej-og-dyner-til-syrien,flygtning
http://dr.dk/nyheder/politik/det-handler-integrationsudspillet-om,flygtning
http://dr.dk/nyheder/udland/forsker-usas-tid-som-verdens-politibetjent-er-ovre,flygtning
http://dr.dk/nyheder/udland/tyrkiet-vil-ikke-toeve-med-modangreb-paa-syrien,flygtning
http://dr.dk/nyheder/indland/over-10-procent-er-nu-indvandrere,flygtning
http://dr.dk/nyheder/udland/soevndal-er-pessimist-paa-syriens-vegne,flygtning
http://dr.dk/nyheder/udland/fabius-det-syriske-regime-skal-smadres,flygtning
http://dr.dk/nyheder/udland/syrere-stroemmer-til-det-nordlige-libanon,flygtning
http://dr.dk/nyheder/udland/cubanske-balletdansere-hopper-af,flygtning
http://dr.dk/nyheder/indland/60-millioner-kr-klar-til-noedhjaelp,flygtning
http://dr.dk/nyheder/udland/eu-naesten-fordobler-noedhjaelp-til-syrien,flygtning
http://dr.dk/nyheder/udland/bilbombe-draeber-12-i-syrien,flygtning
http://dr.dk/nyheder/udland/12000-flygtet-fra-darfur-til-tchad,flygtning
http://dr.dk/nyheder/udland/ngo-fem-doer-af-sult-i-belejret-boligomraade-i-syrien,flygtning
http://dr.dk/nyheder/udland/bombe-ved-syrisk-skole-fem-boern-er-draebt,flygtning
http://dr.dk/nyheder/udland/danske-tropper-kan-snart-vaere-paa-vej-til-mali,flygtning
http://dr.dk/nyheder/udland/baadflygtninge-doede-af-toerst-paa-vej-mod-italien,flygtning
http://dr.dk/nyheder/indland/flygtningeboern-kommer-hoejesteret,flygtning
http://dr.dk/nyheder/udland/danske-kampfly-paa-fire-nye-missioner,flygtning
http://dr.dk/nyheder/regionale/sjaelland/dansk-forhandler-nyt-eu-budget-er-sparebudget,flygtning
http://dr.dk/nyheder/politik/sf-gaar-i-rette-med-boedskovs-tanker-om-kvoteflygtninge,flygtning
http://dr.dk/nyheder/udland/10-mio-til-fn-noedhjaelpsfond-syrien,flygtning
http://dr.dk/nyheder/politik/ny-stor-plan-flere-indvandrere-skal-selv-tjene-deres-penge,flygtning
http://dr.dk/nyheder/indland/kommissaer-skuffet-over-soeren-pind,flygtning
http://dr.dk/nyheder/udland/amerikansk-skib-redder-128-baadflygtninge-i-middelhavet,flygtning
http://dr.dk/nyheder/indland/stroemmen-af-illegale-indvandrere-i-eu-vokser,flygtning
http://dr.dk/nyheder/udland/maaske-omkom-200-i-havet-naer-malta,flygtning
http://dr.dk/nyheder/indland/venstre-vil-saelge-gaddafis-ejendomme,flygtning
http://dr.dk/nyheder/regionale/oestjylland/stadig-kritik-af-asylcenter-i-ebeltoft,flygtning
http://dr.dk/nyheder/udland/gaddafi-kraever-milliarder-flygtningestop,flygtning
http://dr.dk/nyheder/udland/rapport-nato-skyld-i-63-libyske-doedsfald,flygtning
http://dr.dk/nyheder/udland/fakta-her-er-de-barske-tal-om-syrernes-virkelighed,flygtning
http://dr.dk/nyheder/udland/fn-rapport-assad-og-oproerere-begaar-massive-krigsforbrydelser,flygtning
http://dr.dk/nyheder/politik/minister-om-v-udspil-skal-verdens-fattige-betale-skattelettelser,flygtning
http://dr.dk/nyheder/indland/udenrigsministeriet-fraraader-rejser-til-dele-af-libanon,flygtning
http://dr.dk/nyheder/udland/red-barnet-syrien-boern-er-angste-og-aggressive,flygtning
http://dr.dk/nyheder/udland/fn-hver-fjerde-syrer-har-forladt-sit-hjem,flygtning
http://dr.dk/nyheder/udland/mellemoestforhandlinger-blev-ved-til-ud-paa-natten,flygtning
http://dr.dk/nyheder/politik/el-indstiller-edward-snowden-til-nobels-fredspris,flygtning
http://dr.dk/nyheder/politik/dfer-forlader-partiet-i-protest,flygtning
http://dr.dk/nyheder/indland/df-laeger-skal-melde-illegale,flygtning
http://dr.dk/nyheder/udland/abbas-oensker-ikke-en-eneste-israeler-i-ny-stat,flygtning
http://dr.dk/nyheder/politik/starthjaelpen-er-afskaffet-af-folketinget,flygtning
http://dr.dk/nyheder/udland/obama-indled-fredssamtaler,flygtning
http://dr.dk/nyheder/udland/foerste-valg-i-sudan-i-24-aar,flygtning
http://dr.dk/nyheder/udland/jordan-kender-ikke-til-traening-af-syriske-oproerere,flygtning
http://dr.dk/nyheder/udland/fn-laver-luftbro-til-somalia,flygtning
http://dr.dk/nyheder/indland/ekspert-nogle-integrationsprojekter-er-noget-hoe,flygtning
http://dr.dk/nyheder/udland/dansk-oejenvidne-i-flygtningelejr-alle-fryser,flygtning
http://dr.dk/nyheder/udland/usa-til-hizbollah-og-iran-traek-krigere-ud-af-syrien,flygtning
http://dr.dk/sporten/fodbold/landsholdet/dansk-zlatan-faar-omsider-groent-lys,flygtning
http://dr.dk/nyheder/politik/v-regeringen-svigter-prostituerede-narkomaner-og-hjemloese,flygtning
http://dr.dk/nyheder/politik/valg/valg2011/sf-kandidater-vil-lempe-asylregler,flygtning
http://dr.dk/nyheder/udland/mindst-10-draebt-under-uroligheder-i-myanmar,flygtning
http://dr.dk/nyheder/billeder-mimis-billeder-fra-toerken-i-afrika,flygtning
http://dr.dk/nyheder/udland/20-draebt-og-over-100-saret-i-det-nordlige-somalia,flygtning
http://dr.dk/nyheder/udland/red-barnet-evakuerer-noedhjaelpsarbejder-fra-sydsudan,flygtning
http://dr.dk/nyheder/udland/tidligere-vicepraesident-bekraefter-staa-bag-vaebnet-oproer-i-sydsudan,flygtning
http://dr.dk/nyheder/kultur/film/de-blev-haedret-med-bjoerne-paa-berlinalen,flygtning
http://dr.dk/nyheder/udland/amerikansk-fly-angrebet-i-sydsudan-tre-er-saaret,flygtning
http://dr.dk/nyheder/udland/italiensk-vrede-over-brasilien,flygtning
http://dr.dk/nyheder/udland/11-palaestinensere-meldes-draebt-i-syrien,flygtning
http://dr.dk/nyheder/politik/her-er-valgkampens-vigtigste-emner,flygtning
http://dr.dk/nyheder/udland/dansk-roede-kors-i-mali-vi-tilpasser-noedhjaelpen-fra-dag-til-dag,flygtning
http://dr.dk/nyheder/udland/syriens-haer-afskaerer-graenseby,flygtning
http://dr.dk/nyheder/udland/fn-syriske-flygtningeboern-er-saerligt-udsat,flygtning
http://dr.dk/nyheder/indland/sf-efterlyser-fattigdomsgraense,flygtning
http://dr.dk/nyheder/udland/syriske-styrker-belejrer-noegleby-naer-libanon,flygtning
http://dr.dk/nyheder/udland/bombe-draeber-16-i-spillebule-i-pakistan,flygtning
http://dr.dk/nyheder/indland/danskerne-giver-14-millioner-til-flygtningeindsamling,flygtning
http://dr.dk/nyheder/udland/mindst-800-hakket-ihjel-i-elfenbenskysten,flygtning
http://dr.dk/nyheder/udland/mystik-om-massakre-i-elfenbenskysten,flygtning
http://dr.dk/nyheder/udland/syrien-ingen-tegn-paa-praesidenten-traeder-tilbage,flygtning
http://dr.dk/nyheder/politik/oppositionen-er-splittet-i-udlaendingesporgsmal,flygtning
http://dr.dk/nyheder/udland/noedhjaelp-er-ankommet-til-misrata,flygtning
http://dr.dk/nyheder/udland/desperate-ivorianere-flygter-i-baade,flygtning
http://dr.dk/nyheder/politik/johanne-schmidt-finanslov-er-klar-soendag,flygtning
http://dr.dk/nyheder/politik/dfs-oenskeliste-til-soeren-pind,flygtning
http://dr.dk/nyheder/udland/flere-er-saaret-af-bilbombe-i-tyrkiet,flygtning
http://dr.dk/nyheder/udland/organisationer-lav-dog-et-tv-show-til-fordel-syrien,flygtning
http://dr.dk/nyheder/udland/11-anholdt-terrorplaner-i-jordan,flygtning
http://dr.dk/nyheder/udland/kraftig-eksplosion-ryster-damaskus,flygtning
http://dr.dk/nyheder/udland/syrien-klar-til-sikkerhedsamarbejde-med-tyrkiet,flygtning
http://dr.dk/nyheder/udland/750-draebt-under-sammenstoed-i-sydsudan,flygtning
http://dr.dk/nyheder/kultur/eventyrdronning-med-kant,flygtning
http://dr.dk/nyheder/udland/israel-palaestina-forhandlinger-begynder-i-dag,flygtning
http://dr.dk/nyheder/indland/jordemoder-normalt-kender-man-sin-graviditet-men,flygtning
http://dr.dk/nyheder/udland/krigsramte-aleppo-mangler-vand,flygtning
http://dr.dk/nyheder/udland/mange-savnes-efter-forlis-i-middelhavet,flygtning
http://dr.dk/nyheder/udland/malierne-trodser-trusler-og-stroemmer-til-valgsteder,flygtning
http://dr.dk/nyheder/kultur/friby-forfatter-truer-med-sultestrejke,flygtning
http://dr.dk/nyheder/politik/regering-vil-spare-massivt-paa-danskkurser,flygtning
http://dr.dk/nyheder/politik/regeringen-fremlaegger-ghettoplan,flygtning
http://dr.dk/nyheder/udland/tyrkiets-erdogan-ser-ny-aera-i-syrien,flygtning
http://dr.dk/nyheder/udland/tusinder-flygter-fra-kampe-i-yemen,flygtning
http://dr.dk/nyheder/udland/tyrkiet-flytter-missiler-til-syrisk-graense,flygtning
http://dr.dk/nyheder/udland/syrien-ofre-faar-mere-hjaelp-af-usa-17-milliarder-paa-vej,flygtning
http://dr.dk/nyheder/udland/danmark-sender-100-millioner-kroner-til-syriens-ofre,flygtning
http://dr.dk/nyheder/kultur/kulturklubber/hans-hertel-ph-en-biografi,flygtning
http://dr.dk/nyheder/udland/nok-en-syrisk-general-deserterer-til-tyrkiet,flygtning
http://dr.dk/nyheder/udland/85-syriske-soldater-er-flygtet-til-tyrkiet,flygtning
http://dr.dk/nyheder/udland/syrien-oeger-fokus-paa-tyrkiets-graense,flygtning
http://dr.dk/nyheder/udland/tyrkisk-fly-fundet-i-syrisk-farvand,flygtning
http://dr.dk/nyheder/udland/mulig-fredsplan-i-mellemoesten-afsloeret,flygtning
http://dr.dk/nyheder/politik/socialraadgivere-foraeldrepaalaeg-skal-bruges-forsigtigt,flygtning
http://dr.dk/nyheder/politik/amnesty-frygter-discount-screening-af-tolke,flygtning
http://dr.dk/nyheder/udland/afghanere-bestikker-sig-til-job,flygtning
http://dr.dk/nyheder/politik/uddannelsesforbund-revser-dagpengeaftalens-finansiering,flygtning
http://dr.dk/nyheder/udland/endnu-en-blodig-dag-i-syrien-vold-koster-35-mennesker-livet,flygtning
http://dr.dk/nyheder/udland/tyrkiets-premierminister-oensker-et-mere-aktivt-usa-i-syrien,flygtning
http://dr.dk/nyheder/udland/pakistans-boern-har-mistet-skoler,flygtning
http://dr.dk/nyheder/udland/advokat-til-dommer-drop-breiviks-oenske-vidne,flygtning
http://dr.dk/sporten/fodbold/svensk-fodboldspiller-draebt-i-spilleklub,flygtning
http://dr.dk/nyheder/udland/46-draebt-af-jordskred-i-burma,flygtning
http://dr.dk/nyheder/udland/sudan-indfoerer-noedret-ved-graense,flygtning
http://dr.dk/nyheder/politik/danmark-aaben-mere-stoette-til-syrien,flygtning
http://dr.dk/nyheder/udland/sudan-sydsudan-er-en-fjende,flygtning
http://dr.dk/nyheder/udland/syrere-draebt-ved-flygtningelejr-i-tyrkiet,flygtning
http://dr.dk/nyheder/udland/chokeret-kofi-annan-volden-i-syrien-er-helt-uacceptabel,flygtning
http://dr.dk/nyheder/udland/fn-syriens-konflikt-skaber-en-tabt-generation,flygtning
http://dr.dk/nyheder/udland/nu-gaar-der-storpolitik-i-fransk-skoleskyderi,flygtning
http://dr.dk/nyheder/kultur/jacques-blum-er-doed,flygtning
http://dr.dk/nyheder/kultur/kulturklubber/gretelise-holm-jesus-pengene-og-livet,flygtning
http://dr.dk/nyheder/udland/fn-penge-hjaelper-syrere-men-stopper-ikke-krig,flygtning
http://dr.dk/nyheder/udland/lottogevinsten-forsvandt-til-nepal,flygtning
http://dr.dk/nyheder/indland/faerre-udlaendinge-arbejder-i-danmark,flygtning
http://dr.dk/nyheder/udland/halvt-saa-mange-baadflygtninge-fra-afrika,flygtning
http://dr.dk/nyheder/udland/khodorkovskij-takker-tysk-eksminister-efter-loesladelse,flygtning
http://dr.dk/nyheder/udland/israel-afviser-fred-med-palaestina,flygtning
http://dr.dk/nyheder/udland/sult-truer-tusinder-i-sydsudan,flygtning
http://dr.dk/nyheder/udland/voldsomme-kampe-i-sudan-koster-19-livet,flygtning
http://dr.dk/nyheder/udland/danmark-sender-millionhjaelp-til-syriske-ofre,flygtning
http://dr.dk/sporten/fra-flygtningelejr-til-ol-medalje,flygtning
http://dr.dk/nyheder/indland/soevndal-bahrein-maa-retsforfoelge-tortur,flygtning
http://dr.dk/nyheder/politik/overblik-her-er-hovedlinjerne-i-regeringens-integrationsudspil,flygtning
http://dr.dk/nyheder/udland/syriske-jagerfly-bomber-oprorsbase,flygtning
http://dr.dk/nyheder/udland/red-barnet-rystede-11-boern-doer-hver-dag-i-syrien,flygtning
http://dr.dk/nyheder/udland/syrisk-opposition-faar-ambassadoer-i-paris,flygtning
http://dr.dk/nyheder/udland/syriske-kampfly-draeber-16-ved-tyrkiets-graense,flygtning
http://dr.dk/nyheder/kultur/kulturklubber/eksplosiv-digtsamling-er-testklub-bog-i-november-og-december,flygtning
http://dr.dk/nyheder/indland/landsretten-underkender-lov-om-folkedrab,flygtning
http://dr.dk/nyheder/politik/her-er-de-politiske-omraader-danskerne-taenker-mindst-paa,flygtning
http://dr.dk/nyheder/indland/sundhedsstyrelsen-holder-oeje-med-syrisk-polio,flygtning
http://dr.dk/nyheder/politik/fakta-det-blev-eu-lederne-enige-om,flygtning
http://dr.dk/nyheder/udland/dansk-bahrainer-faar-stieg-larsson-pris,flygtning
http://dr.dk/nyheder/udland/tyrkiet-truer-syrien-med-sanktioner,flygtning
http://dr.dk/nyheder/udland/kampe-saetter-ild-til-historisk-basar-i-aleppo,flygtning
http://dr.dk/nyheder/indland/roede-kors-maa-skaere-ned-i-syrien,flygtning
http://dr.dk/nyheder/udland/obama-ingen-genvej-til-fred-i-mellemoesten,flygtning
http://dr.dk/nyheder/indland/hver-4-er-klar-til-skjule-illegale,flygtning
http://dr.dk/nyheder/kultur/kulturklubber/mussolini-kanalen-er-maanedens-roman,flygtning
http://dr.dk/nyheder/politik/valg/valg2011/ekspert-politikere-frygter-eu-uden-grund,flygtning
http://dr.dk/nyheder/udland/eu-flere-sanktioner-mod-syrien,flygtning
http://dr.dk/nyheder/politik/valg/valg2011/df-vil-barbere-ulandsbistand-ned,flygtning
http://dr.dk/nyheder/indland/pengekrav-kan-hindre-retssager-om-tortur,flygtning
http://dr.dk/nyheder/udland/hjaelp-paa-vej-mod-sultende-i-mali,flygtning
http://dr.dk/nyheder/udland/assad-militaeret-har-standset-aktioner-mod-demonstranter,flygtning
http://dr.dk/nyheder/indland/laegenetvaerk-hjaelper-illegale-indvandrere,flygtning
http://dr.dk/nyheder/udland/doedstal-stiger-til-ni-efter-tyrkisk-bombe,flygtning
http://dr.dk/nyheder/kultur/kulturklubber/minna-mangler-et-oevelokale-i-maanedens-testklub-bog,flygtning
http://dr.dk/nyheder/politik/minister-nu-faar-syrien-ekstra-noedhjaelp-fra-danmark,flygtning
http://dr.dk/nyheder/udland/overblik-krigen-i-syrien-begyndte-med-graffiti,flygtning
http://dr.dk/nyheder/politik/el-stiller-alternativt-forslag-til-aktion-mod-syrien,flygtning
http://dr.dk/nyheder/udland/roede-kors-millioner-klar-til-flygte-fra-damaskus,flygtning
http://dr.dk/nyheder/indland/dansker-leder-eus-civilmission-i-sydsudan,flygtning
http://dr.dk/nyheder/indland/dansk-flygtningehjaelp-udvider-hjaelpearbejde-seks-millioner,flygtning
http://dr.dk/nyheder/udland/syriens-haer-generobrer-damaskus-bydele,flygtning
http://dr.dk/nyheder/udland/eu-vil-skaerpe-vaabenembargo-mod-syrien,flygtning
http://dr.dk/nyheder/udland/syrien-lavede-masseanholdelse-ved-graensen,flygtning
http://dr.dk/nyheder/udland/syrere-flygter-i-panik-til-tyrkiet,flygtning
http://dr.dk/nyheder/udland/svaert-med-fred-i-mellemoesten,flygtning
http://dr.dk/nyheder/udland/voldsom-regn-fordriver-seks-millioner-indere,flygtning
http://dr.dk/nyheder/udland/assads-general-og-barndomsven-er-deserteret,flygtning
http://dr.dk/nyheder/udland/tyrkiet-sendte-fly-op-ved-syriens-graense,flygtning
http://dr.dk/nyheder/udland/usa-afdramatiserer-tyrkisk-oprustning,flygtning
http://dr.dk/nyheder/politik/el-lov-om-boernecheck-skal-laves-om,flygtning
http://dr.dk/nyheder/udland/fn-helikoptere-angriber-byer-i-syrien,flygtning
http://dr.dk/nyheder/politik/nabolande-graensekontrol-en-skandale,flygtning
http://dr.dk/nyheder/udland/libysk-voldtaegtoffer-flygtet,flygtning
http://dr.dk/nyheder/udland/avis-nato-lod-baadflygtninge-doe-af-sult-og-toerst,flygtning
http://dr.dk/nyheder/udland/edward-snowden-er-forsvundet,flygtning
http://dr.dk/nyheder/politik/toldere-skal-tilbage-til-graensen,flygtning
http://dr.dk/nyheder/politik/eu-kan-give-df-en-halv-graense-sejr,flygtning
http://dr.dk/nyheder/politik/danskerne-udlaendingedebatten-er-okay,flygtning
http://dr.dk/nyheder/udland/soevndal-danmark-sender-ikke-vaaben-til-syrien,flygtning
http://dr.dk/nyheder/udland/syriske-soldater-henretter-15-civile-i-homs,flygtning
http://dr.dk/nyheder/kultur/kulturklubber/hans-keilsons-komedie-i-mol-er-maanedens-testklubbog-i-juni-og-juli,flygtning
http://dr.dk/nyheder/udland/eu-undersoeger-libysk-vaabenhviletilbud,flygtning
http://dr.dk/nyheder/udland/minister-totalt-kaos-i-det-nordlige-mali,flygtning
http://dr.dk/nyheder/politik/el-nu-maa-boedskov-skabe-klarhed-om-pet,flygtning
http://dr.dk/nyheder/udland/uro-skyld-i-fn-noedhjaelp-ikke-kommer-til-libyen,flygtning
http://dr.dk/nyheder/indland/organisationer-glade-pinds-millioner,flygtning
http://dr.dk/nyheder/politik/vestager-roenn-maa-gaa,flygtning
http://dr.dk/nyheder/politik/ask-rostrup-roenn-et-kaempeproblem,flygtning
http://dr.dk/nyheder/indland/embedsmaend-modsiger-birthe-roenn,flygtning
http://dr.dk/nyheder/kultur/balloner-flyver-sydkoreansk-kultur-til-nordkorea,flygtning
http://dr.dk/nyheder/udland/hoejtstaaende-militaerfolk-svigter-assad,flygtning
http://dr.dk/nyheder/udland/saudier-vil-give-vaaben-til-oproerere,flygtning
http://dr.dk/nyheder/regionale/syd/en-handel-om-straf-ren-chikane-eksperter-hjem-til-bushen-og-en-gevaldig-fest,flygtning
http://dr.dk/nyheder/indland/fanger-tortureres-i-libyske-arresthuse,flygtning
http://dr.dk/nyheder/udland/assange-taettere-paa-loesladelse,flygtning
http://dr.dk/nyheder/udland/muslimer-i-norge-fordoemmer-selvmordsangreb,flygtning
http://dr.dk/nyheder/udland/assange-frygter-retsforfoelgelse-i-usa,flygtning
http://dr.dk/nyheder/indland/sig-bare-din-mening-i-nytaarstalen-margrethe,flygtning
http://dr.dk/nyheder/udland/korrespondent-nordkorea-forsoeger-finde-sin-plads-i-verden,flygtning
http://dr.dk/nyheder/indland/joachim-b-olsen-de-fattigste-maa-bage-selv,flygtning
http://dr.dk/nyheder/indland/flygtningenaevn-afviser-roenns-forslag,flygtning
http://dr.dk/nyheder/indland/fn-kritiserer-danske-forhold,flygtning
http://dr.dk/nyheder/udland/gaddafi-minister-vil-have-flygtningestatus,flygtning
http://dr.dk/nyheder/indland/rusland-savner-svar-fra-danske-myndigheder,flygtning
http://dr.dk/nyheder/indland/veteran-erstatningssag-handler-om-anerkendelse,flygtning
http://dr.dk/nyheder/indland/iraker-faar-retssag-om-mulig-dansk-soldater-tortur,flygtning
http://dr.dk/nyheder/indland/mand-faengslet-bortfoerelse-og-voldtaegt,flygtning
http://dr.dk/nyheder/politik/overblik-det-handler-statsloesesagen-om-0,flygtning
http://dr.dk/nyheder/politik/valg/valg2011/enhedslisten-har-klare-krav-til-thorning,flygtning
http://dr.dk/nyheder/politik/valg/valg2011/enhedslisten-jubler-farvel-til-ti-aar-med-pia-k,flygtning
http://dr.dk/nyheder/udland/kommissionens-forslag-til-nye-schengenregler,flygtning
http://dr.dk/nyheder/udland/flere-nordkoreanere-afhopper-i-sydkorea,flygtning
http://dr.dk/nyheder/politik/valg/valg2011/roede-kors-vil-ikke-bruges-i-dfs-valgkamp,flygtning
http://dr.dk/nyheder/politik/portraet-af-astrid-krag-partitoppens-favorit-kunne-ikke-overbevise-baglandet,flygtning
http://dr.dk/nyheder/politik/valg/valg2011/vigtige-valg-1935-2005,flygtning
http://dr.dk/nyheder/udland/fn-ufattelig-tragedie-paa-vej-i-somalia,flygtning
http://dr.dk/nyheder/udland/sverige-vil-ikke-have-mere-graensekontrol,flygtning
http://dr.dk/nyheder/politik/sfs-unge-formandshaab-portraet-af-astrid-krag,flygtning
http://dr.dk/nyheder/politik/valg/kv13/uenighed-dfs-lokalpolitikere-loeber-laengst-fra-linjen,flygtning
http://dr.dk/nyheder/politik/hyppige-aendringer-af-udlaendingelov-kritiseres,flygtning
http://dr.dk/nyheder/udland/96000-drevet-paa-flugt-i-sudan,flygtning
http://dr.dk/nyheder/politik/eu-parlamentet-kritiserer-graenseaftale,flygtning
http://dr.dk/nyheder/politik/eu-vil-holde-graensekontrol-i-kort-snor,flygtning
http://dr.dk/nyheder/udland/dr-i-flygtningelejr-syrerne-frygter-vinteren,flygtning
http://dr.dk/nyheder/udland/saarede-haitianere-flygter-til-naboland,flygtning
http://dr.dk/nyheder/politik/minister-tavs-om-kritik-af-boernecheck,flygtning
http://dr.dk/nyheder/udland/reportage-fra-syrien-krigens-bedemand,flygtning
http://dr.dk/nyheder/politik/vrede-eu-parlamentarikere-boykotter-boedskov,flygtning
http://dr.dk/nyheder/kultur/facebook-stopper-soeren-pind-kloner,flygtning
http://dr.dk/nyheder/kultur/roskilde-festival-skraemmer-de-frivillige-vaek,flygtning
http://dr.dk/nyheder/udland/syrien-paa-randen-af-borgerkrig,flygtning
http://dr.dk/nyheder/udland/frygten-praesidentens-haevn,flygtning
http://dr.dk/nyheder/kultur/kulturklubber/fagbogklubbens-laeseplan,flygtning
http://dr.dk/nyheder/politik/sverigesdemokraterne-holdes-udenfor,flygtning
http://dr.dk/nyheder/politik/jeg-udtaler-mig-ikke-om-anonyme-udsagn,flygtning
http://dr.dk/nyheder/politik/birthe-roenn-er-staerkt-presset,flygtning
http://dr.dk/nyheder/udland/titusinder-har-forladt-libyen,flygtning
http://dr.dk/nyheder/udland/ekspert-nej-til-fn-et-muligt-tegn-paa-assad-indblanding-i-giftangreb,flygtning
http://dr.dk/nyheder/udland/mellemoestforsker-fredsproces-har-minimal-chance-succes,flygtning
http://dr.dk/nyheder/kultur/aarets-nordmand-smidt-ud-af-norge,flygtning
http://dr.dk/nyheder/politik/ifm-et-indgreb-i-vores-uafhaengighed,flygtning
http://dr.dk/nyheder/indland/udvist-iraner-hiver-tuneserlov-i-retten,flygtning
http://dr.dk/nyheder/kultur/kulturklubber/efteraarets-laeseplan-i-fagbogklubben,flygtning
http://dr.dk/nyheder/penge/da-kommuner-fejler-med-integration,flygtning
http://dr.dk/nyheder/politik/overblik-det-handler-statsloesesagen-om,flygtning
http://dr.dk/nyheder/udland/fn-intet-afgoerende-bevis-kemiske-vaaben-i-syrien,flygtning
http://dr.dk/nyheder/politik/r-udlaendinge-skal-have-krav-paa-tolke,flygtning
http://dr.dk/nyheder/indland/kl-ingen-panik-over-foertidspension,flygtning
http://dr.dk/nyheder/indland/danmark-slipper-romakritik-fra-eu,flygtning
http://dr.dk/nyheder/politik/valg2015/video-thornings-nytaarstale-i-2015-vil-danskerne-maerke-det-gaar-bedre,flygtning
http://dr.dk/nyheder/udland/dansker-var-logistisk-bagmand-i-flugtplan,flygtning
http://dr.dk/nyheder/udland/came-hvad-noget,flygtning
http://dr.dk/nyheder/udland/berygtet-al-qaeda-leder-draebt-i-mali,flygtning
http://dr.dk/nyheder/politik/valg/valg2011/misforstaaet-eu-forslag-moeder-modstand-i-folketinget,flygtning
http://dr.dk/nyheder/politik/valg/valg2011/df-vil-lukke-danske-asylcentre,flygtning
http://dr.dk/nyheder/politik/vko-strammer-regler-familiesammenfoering,flygtning
http://dr.dk/nyheder/politik/regeringen-finder-85-millioner-til-oestafrika,flygtning
http://dr.dk/nyheder/politik/k-vil-integrere-indvandrere-hurtigere,flygtning
http://dr.dk/nyheder/politik/df-regeringens-burkaforslag-er-tyndt,flygtning
http://dr.dk/nyheder/indland/eks-jugoslavere-faar-stadig-krigstraumer,flygtning
http://dr.dk/nyheder/politik/overblik-saadan-ser-finansloven-ud,flygtning
http://dr.dk/nyheder/politik/det-saar-oerum-tvivl-om,flygtning
http://dr.dk/nyheder/toerke-tvinger-afrikanere-paa-flugt,flygtning
http://dr.dk/nyheder/indland/graensekontrol-vil-koste-dyrt,flygtning
http://dr.dk/nyheder/politik/annette-vilhelmsen-eller-astrid-krag-saadan-vil-de-forme-partiet,flygtning
http://dr.dk/nyheder/udland/libyer-til-dr-vi-skammer-os-over-drabene,flygtning
http://dr.dk/nyheder/udland/sult-og-toerst-i-misrata,flygtning
http://dr.dk/nyheder/udland/titusinder-flygter-ud-af-libyen,flygtning
http://dr.dk/nyheder/udland/saarede-syrere-stroemmer-til-tyrkiet,flygtning
http://dr.dk/sporten/fodbold/cuba-har-svaert-ved-stille-hold,flygtning
http://dr.dk/nyheder/politik/forstaa-debatten-om-eu-forbeholdene-paa-5-minutter,flygtning
http://dr.dk/nyheder/udland/21-generaler-har-vendt-assad-ryggen-i-syrien,flygtning
http://dr.dk/nyheder/kultur/kopi-af-israelsk-mur-paa-festival-vaekker-harme,flygtning
http://dr.dk/nyheder/indland/terrorsigtet-er-halvt-blind-og-halvdov,flygtning
http://dr.dk/nyheder/politik/overblik-her-er-pinds-kontroversielle-sager,flygtning
http://dr.dk/nyheder/politik/vrede-i-bruxelles-graensebomme-paa-tvaers-dansk-eu-formandskab,flygtning
http://dr.dk/nyheder/politik/32-forslag-om-ghettoer,flygtning
http://dr.dk/nyheder/udland/skibet-staar-stadig-midt-i-kessenuma,flygtning
http://dr.dk/nyheder/indland/40-aar-i-dag-perfekte-mary-er-naesten-perfekt,flygtning
http://dr.dk/nyheder/kultur/aarets-nordmand-er-uoensket-i-norge,flygtning
http://dr.dk/nyheder/kultur/kulturklubber/et-manglende-oevelokale-en-forsvunden-arkitekt-og-hitlers-genkomst,flygtning
http://dr.dk/nyheder/indland/dansk-enegang-smider-nordiske-statsborgere-ud,flygtning
http://dr.dk/nyheder/politik/hvem-gjorde-hvad-med-hvem-husker-du-saesonens-politiske-aftaler,flygtning
http://dr.dk/nyheder/indland/foerste-nye-kirke-i-koebenhavn-i-aartier,flygtning
http://dr.dk/nyheder/indland/kommuner-soeger-raad-om-flygtningeboern,flygtning
http://dr.dk/nyheder/politik/kritik-aftale-svigter-de-svageste,flygtning
http://dr.dk/nyheder/kultur/film/filmanmeldelse-angels-share,flygtning
http://dr.dk/nyheder/udland/analyse-fangeudvekslingen-i-israel,flygtning
http://dr.dk/nyheder/penge/aarhus-er-gaaet-paa-foertidspension,flygtning
http://dr.dk/nyheder/politik/valg/valg2011/meningsmaaling-danskernes-dom-over-10-aar-med-vk,flygtning
http://dr.dk/nyheder/politik/valg/valg2011/vaelgernes-holdninger-rykker-til-venstre,flygtning
http://dr.dk/nyheder/indland/oeksemanden-arbejdede-dansk-roede-kors,flygtning
http://dr.dk/nyheder/kultur/film/filmanmeldelse-kriger,flygtning
http://dr.dk/nyheder/udland/de-kan-ikke-goere-andet-end-flygte,flygtning
http://dr.dk/nyheder/politik/ombudsmand-var-hemmelig-kilde-i-tamilsagen,flygtning
http://dr.dk/nyheder/udland/algeriet-stoetter-gaddafi-militaert,flygtning
http://dr.dk/nyheder/massivt-flertal-mod-asyl-til-irakere,flygtning
http://dr.dk/nyheder/kultur/portraet-bier-laver-mainstream-kvalitet-der-bevaeger,flygtning
http://dr.dk/nyheder/udland/malala-pigen-der-ikke-ville-tie,flygtning
http://dr.dk/nyheder/indland/eu-soeger-ny-strategi-efter-revolutionerne,flygtning
http://dr.dk/nyheder/udland/beretning-fra-haiti-ginette-og-det-store-jordskaelv,flygtning
http://dr.dk/nyheder/udland/de-slog-civile-ihjel-paa-militaerhospitalet,flygtning
http://dr.dk/nyheder/politik/la-en-stemme-paa-os-er-ikke-spildt,flygtning
http://dr.dk/nyheder/udland/storbritanniens-polakker-skud,flygtning
http://dr.dk/nyheder/dronning-i-verdens-bedste-kongehus,flygtning
http://dr.dk/nyheder/indland/tvivlen-kommer-farlige-laeger-til-gode,flygtning
http://dr.dk/nyheder/kultur/cannes-kan-igen,flygtning
http://dr.dk/nyheder/indland/overblik-her-har-pengene-fra-danmarks-indsamling-hjulpet,flygtning
http://dr.dk/nyheder/udland/overblik-over-krigens-start,flygtning
http://dr.dk/nyheder/udland/google-earth-viser-folkemordet-i-darfur,flygtning
http://dr.dk/nyheder/indland/endnu-et-svigt-i-tondersagen,flygtning
http://dr.dk/nyheder/udland/baggrund-om-blokaden-i-gaza,flygtning
http://dr.dk/nyheder/politik/8000-har-betalt-til-ny-alliance,flygtning
